[
  {
    "id": 19400006,
    "latitude": "4509200",
    "longitude": "193100",
    "cp": "19400",
    "pop": "R",
    "adresse": "LIEU DIT MOULIN BAS",
    "ville": "Argentat-sur-Dordogne",
    "services": "{\"service\": \"Automate CB 24/24\"}",
    "prix": "[{\"@nom\": \"Gazole\", \"@id\": \"1\", \"@maj\": \"2026-01-13 08:39:37\", \"@valeur\": \"1.640\"}, {\"@nom\": \"E10\", \"@id\": \"5\", \"@maj\": \"2026-01-13 08:39:38\", \"@valeur\": \"1.662\"}, {\"@nom\": \"SP98\", \"@id\": \"6\", \"@maj\": \"2026-01-13 08:39:38\", \"@valeur\": \"1.746\"}]",
    "rupture": "[{\"@nom\": \"SP95\", \"@id\": \"2\", \"@debut\": \"2024-06-26 08:22:02\", \"@fin\": \"\", \"@type\": \"definitive\"}, {\"@nom\": \"E85\", \"@id\": \"3\", \"@debut\": \"2024-06-26 08:22:02\", \"@fin\": \"\", \"@type\": \"definitive\"}, {\"@nom\": \"GPLc\", \"@id\": \"4\", \"@debut\": \"2024-06-26 08:22:02\", \"@fin\": \"\", \"@type\": \"definitive\"}]",
    "horaires": "{\"@automate-24-24\": \"1\", \"jour\": [{\"@id\": \"1\", \"@nom\": \"Lundi\", \"@ferme\": \"1\", \"horaire\": {\"@ouverture\": \"01.00\", \"@fermeture\": \"01.00\"}}, {\"@id\": \"2\", \"@nom\": \"Mardi\", \"@ferme\": \"1\", \"horaire\": {\"@ouverture\": \"01.00\", \"@fermeture\": \"01.00\"}}, {\"@id\": \"3\", \"@nom\": \"Mercredi\", \"@ferme\": \"1\", \"horaire\": {\"@ouverture\": \"01.00\", \"@fermeture\": \"01.00\"}}, {\"@id\": \"4\", \"@nom\": \"Jeudi\", \"@ferme\": \"1\", \"horaire\": {\"@ouverture\": \"01.00\", \"@fermeture\": \"01.00\"}}, {\"@id\": \"5\", \"@nom\": \"Vendredi\", \"@ferme\": \"1\", \"horaire\": {\"@ouverture\": \"01.00\", \"@fermeture\": \"01.00\"}}, {\"@id\": \"6\", \"@nom\": \"Samedi\", \"@ferme\": \"1\", \"horaire\": {\"@ouverture\": \"01.00\", \"@fermeture\": \"01.00\"}}, {\"@id\": \"7\", \"@nom\": \"Dimanche\", \"@ferme\": \"1\", \"horaire\": {\"@ouverture\": \"01.00\", \"@fermeture\": \"01.00\"}}]}",
    "geom": {
      "lon": 1.931,
      "lat": 45.092
    },
    "gazole_maj": "2026-01-13T09:39:37+01:00",
    "gazole_prix": 1.64,
    "sp95_maj": null,
    "sp95_prix": null,
    "e85_maj": null,
    "e85_prix": null,
    "gplc_maj": null,
    "gplc_prix": null,
    "e10_maj": "2026-01-13T09:39:38+01:00",
    "e10_prix": 1.662,
    "sp98_maj": "2026-01-13T09:39:38+01:00",
    "sp98_prix": 1.746,
    "e10_rupture_debut": null,
    "e10_rupture_type": null,
    "sp98_rupture_debut": null,
    "sp98_rupture_type": null,
    "sp95_rupture_debut": "2024-06-26T10:22:02+02:00",
    "sp95_rupture_type": "definitive",
    "e85_rupture_debut": "2024-06-26T10:22:02+02:00",
    "e85_rupture_type": "definitive",
    "gplc_rupture_debut": "2024-06-26T10:22:02+02:00",
    "gplc_rupture_type": "definitive",
    "gazole_rupture_debut": null,
    "gazole_rupture_type": null,
    "carburants_disponibles": [
      "Gazole",
      "E10",
      "SP98"
    ],
    "carburants_indisponibles": [
      "SP95",
      "E85",
      "GPLc"
    ],
    "carburants_rupture_temporaire": null,
    "carburants_rupture_definitive": "SP95;E85;GPLc",
    "horaires_automate_24_24": "Oui",
    "services_service": [
      "Automate CB 24/24"
    ],
    "departement": "Corrèze",
    "code_departement": "19",
    "region": "Nouvelle-Aquitaine",
    "code_region": "75",
    "horaires_jour": "Automate-24-24, Lundi01.00-01.00, Mardi01.00-01.00, Mercredi01.00-01.00, Jeudi01.00-01.00, Vendredi01.00-01.00, Samedi01.00-01.00, Dimanche01.00-01.00"
  },
  {
    "id": 19400005,
    "latitude": "4509100",
    "longitude": "194100",
    "cp": "19400",
    "pop": "R",
    "adresse": "25, avenue des XAINTRIES",
    "ville": "Argentat-sur-Dordogne",
    "services": "{\"service\": [\"Boutique non alimentaire\", \"Automate CB 24/24\"]}",
    "prix": "[{\"@nom\": \"Gazole\", \"@id\": \"1\", \"@maj\": \"2026-01-13 13:02:01\", \"@valeur\": \"1.702\"}, {\"@nom\": \"E85\", \"@id\": \"3\", \"@maj\": \"2026-01-13 13:02:01\", \"@valeur\": \"0.890\"}, {\"@nom\": \"E10\", \"@id\": \"5\", \"@maj\": \"2026-01-13 13:02:01\", \"@valeur\": \"1.758\"}, {\"@nom\": \"SP98\", \"@id\": \"6\", \"@maj\": \"2026-01-13 13:02:01\", \"@valeur\": \"1.881\"}]",
    "rupture": "[{\"@nom\": \"GPLc\", \"@id\": \"4\", \"@debut\": \"2017-09-28 10:42:50\", \"@fin\": \"\", \"@type\": \"definitive\"}, {\"@nom\": \"SP95\", \"@id\": \"2\", \"@debut\": \"2019-09-06 10:26:27\", \"@fin\": \"\", \"@type\": \"definitive\"}]",
    "horaires": "{\"@automate-24-24\": \"1\", \"jour\": [{\"@id\": \"1\", \"@nom\": \"Lundi\", \"@ferme\": \"\"}, {\"@id\": \"2\", \"@nom\": \"Mardi\", \"@ferme\": \"\"}, {\"@id\": \"3\", \"@nom\": \"Mercredi\", \"@ferme\": \"\"}, {\"@id\": \"4\", \"@nom\": \"Jeudi\", \"@ferme\": \"\"}, {\"@id\": \"5\", \"@nom\": \"Vendredi\", \"@ferme\": \"\"}, {\"@id\": \"6\", \"@nom\": \"Samedi\", \"@ferme\": \"1\"}, {\"@id\": \"7\", \"@nom\": \"Dimanche\", \"@ferme\": \"1\"}]}",
    "geom": {
      "lon": 1.941,
      "lat": 45.091
    },
    "gazole_maj": "2026-01-13T14:02:01+01:00",
    "gazole_prix": 1.702,
    "sp95_maj": null,
    "sp95_prix": null,
    "e85_maj": "2026-01-13T14:02:01+01:00",
    "e85_prix": 0.89,
    "gplc_maj": null,
    "gplc_prix": null,
    "e10_maj": "2026-01-13T14:02:01+01:00",
    "e10_prix": 1.758,
    "sp98_maj": "2026-01-13T14:02:01+01:00",
    "sp98_prix": 1.881,
    "e10_rupture_debut": null,
    "e10_rupture_type": null,
    "sp98_rupture_debut": null,
    "sp98_rupture_type": null,
    "sp95_rupture_debut": "2019-09-06T12:26:27+02:00",
    "sp95_rupture_type": "definitive",
    "e85_rupture_debut": null,
    "e85_rupture_type": null,
    "gplc_rupture_debut": "2017-09-28T12:42:50+02:00",
    "gplc_rupture_type": "definitive",
    "gazole_rupture_debut": null,
    "gazole_rupture_type": null,
    "carburants_disponibles": [
      "Gazole",
      "E85",
      "E10",
      "SP98"
    ],
    "carburants_indisponibles": [
      "SP95",
      "GPLc"
    ],
    "carburants_rupture_temporaire": null,
    "carburants_rupture_definitive": "SP95;GPLc",
    "horaires_automate_24_24": "Oui",
    "services_service": [
      "Boutique non alimentaire",
      "Automate CB 24/24"
    ],
    "departement": "Corrèze",
    "code_departement": "19",
    "region": "Nouvelle-Aquitaine",
    "code_region": "75",
    "horaires_jour": "Automate-24-24"
  }
]