[
  {
    "id": 59129001,
    "latitude": "5019000",
    "longitude": "338800",
    "cp": "59129",
    "pop": "R",
    "adresse": "Rue Sadi Carnot",
    "ville": "Avesnes-les-Aubert",
    "services": "{\"service\": [\"Laverie\", \"Vente de gaz domestique (Butane, Propane)\", \"Bornes électriques\"]}",
    "prix": "[{\"@nom\": \"Gazole\", \"@id\": \"1\", \"@maj\": \"2026-02-02 10:57:05\", \"@valeur\": \"1.649\"}, {\"@nom\": \"E10\", \"@id\": \"5\", \"@maj\": \"2026-01-30 10:55:58\", \"@valeur\": \"1.629\"}, {\"@nom\": \"SP98\", \"@id\": \"6\", \"@maj\": \"2026-01-16 10:58:03\", \"@valeur\": \"1.729\"}]",
    "rupture": "[{\"@nom\": \"E85\", \"@id\": \"3\", \"@debut\": \"2020-07-04 07:07:15\", \"@fin\": \"\", \"@type\": \"definitive\"}, {\"@nom\": \"GPLc\", \"@id\": \"4\", \"@debut\": \"2020-07-04 07:07:15\", \"@fin\": \"\", \"@type\": \"definitive\"}, {\"@nom\": \"SP95\", \"@id\": \"2\", \"@debut\": \"2025-08-01 11:25:31\", \"@fin\": \"\", \"@type\": \"definitive\"}]",
    "horaires": "{\"@automate-24-24\": \"\", \"jour\": [{\"@id\": \"1\", \"@nom\": \"Lundi\", \"@ferme\": \"\", \"horaire\": {\"@ouverture\": \"08.00\", \"@fermeture\": \"20.00\"}}, {\"@id\": \"2\", \"@nom\": \"Mardi\", \"@ferme\": \"\", \"horaire\": {\"@ouverture\": \"08.00\", \"@fermeture\": \"20.00\"}}, {\"@id\": \"3\", \"@nom\": \"Mercredi\", \"@ferme\": \"\", \"horaire\": {\"@ouverture\": \"08.00\", \"@fermeture\": \"20.00\"}}, {\"@id\": \"4\", \"@nom\": \"Jeudi\", \"@ferme\": \"\", \"horaire\": {\"@ouverture\": \"08.00\", \"@fermeture\": \"20.00\"}}, {\"@id\": \"5\", \"@nom\": \"Vendredi\", \"@ferme\": \"\", \"horaire\": {\"@ouverture\": \"08.00\", \"@fermeture\": \"20.00\"}}, {\"@id\": \"6\", \"@nom\": \"Samedi\", \"@ferme\": \"\", \"horaire\": {\"@ouverture\": \"08.00\", \"@fermeture\": \"20.00\"}}, {\"@id\": \"7\", \"@nom\": \"Dimanche\", \"@ferme\": \"\", \"horaire\": {\"@ouverture\": \"08.30\", \"@fermeture\": \"12.45\"}}]}",
    "geom": {
      "lon": 3.388,
      "lat": 50.19
    },
    "gazole_maj": "2026-02-02T11:57:05+01:00",
    "gazole_prix": 1.649,
    "sp95_maj": null,
    "sp95_prix": null,
    "e85_maj": null,
    "e85_prix": null,
    "gplc_maj": null,
    "gplc_prix": null,
    "e10_maj": "2026-01-30T11:55:58+01:00",
    "e10_prix": 1.629,
    "sp98_maj": "2026-01-16T11:58:03+01:00",
    "sp98_prix": 1.729,
    "e10_rupture_debut": null,
    "e10_rupture_type": null,
    "sp98_rupture_debut": null,
    "sp98_rupture_type": null,
    "sp95_rupture_debut": "2025-08-01T13:25:31+02:00",
    "sp95_rupture_type": "definitive",
    "e85_rupture_debut": "2020-07-04T09:07:15+02:00",
    "e85_rupture_type": "definitive",
    "gplc_rupture_debut": "2020-07-04T09:07:15+02:00",
    "gplc_rupture_type": "definitive",
    "gazole_rupture_debut": null,
    "gazole_rupture_type": null,
    "carburants_disponibles": [
      "Gazole",
      "E10",
      "SP98"
    ],
    "carburants_indisponibles": [
      "SP95",
      "E85",
      "GPLc"
    ],
    "carburants_rupture_temporaire": null,
    "carburants_rupture_definitive": "SP95;E85;GPLc",
    "horaires_automate_24_24": "Non",
    "services_service": [
      "Laverie",
      "Vente de gaz domestique (Butane, Propane)",
      "Bornes électriques"
    ],
    "departement": "Nord",
    "code_departement": "59",
    "region": "Hauts-de-France",
    "code_region": "32",
    "horaires_jour": "Lundi08.00-20.00, Mardi08.00-20.00, Mercredi08.00-20.00, Jeudi08.00-20.00, Vendredi08.00-20.00, Samedi08.00-20.00, Dimanche08.30-12.45"
  },
  {
    "id": 59129004,
    "latitude": "5019210.05",
    "longitude": "338466.06",
    "cp": "59129",
    "pop": "R",
    "adresse": "79 B RUE SADI CARNOT",
    "ville": "Avesnes-les-Aubert",
    "services": "{\"service\": [\"Boutique alimentaire\", \"Station de gonflage\", \"Location de véhicule\", \"Vente de gaz domestique (Butane, Propane)\", \"Bornes électriques\", \"Automate CB 24/24\"]}",
    "prix": "[{\"@nom\": \"Gazole\", \"@id\": \"1\", \"@maj\": \"2026-02-02 16:01:48\", \"@valeur\": \"1.647\"}, {\"@nom\": \"E85\", \"@id\": \"3\", \"@maj\": \"2026-02-02 16:01:48\", \"@valeur\": \"0.722\"}, {\"@nom\": \"E10\", \"@id\": \"5\", \"@maj\": \"2026-01-22 09:04:56\", \"@valeur\": \"1.629\"}, {\"@nom\": \"SP98\", \"@id\": \"6\", \"@maj\": \"2026-02-02 16:01:48\", \"@valeur\": \"1.739\"}]",
    "rupture": null,
    "horaires": "{\"@automate-24-24\": \"1\", \"jour\": [{\"@id\": \"1\", \"@nom\": \"Lundi\", \"@ferme\": \"\"}, {\"@id\": \"2\", \"@nom\": \"Mardi\", \"@ferme\": \"\"}, {\"@id\": \"3\", \"@nom\": \"Mercredi\", \"@ferme\": \"\"}, {\"@id\": \"4\", \"@nom\": \"Jeudi\", \"@ferme\": \"\"}, {\"@id\": \"5\", \"@nom\": \"Vendredi\", \"@ferme\": \"\"}, {\"@id\": \"6\", \"@nom\": \"Samedi\", \"@ferme\": \"\"}, {\"@id\": \"7\", \"@nom\": \"Dimanche\", \"@ferme\": \"\"}]}",
    "geom": {
      "lon": 3.3846606,
      "lat": 50.192100499999995
    },
    "gazole_maj": "2026-02-02T17:01:48+01:00",
    "gazole_prix": 1.647,
    "sp95_maj": null,
    "sp95_prix": null,
    "e85_maj": "2026-02-02T17:01:48+01:00",
    "e85_prix": 0.722,
    "gplc_maj": null,
    "gplc_prix": null,
    "e10_maj": "2026-01-22T10:04:56+01:00",
    "e10_prix": 1.629,
    "sp98_maj": "2026-02-02T17:01:48+01:00",
    "sp98_prix": 1.739,
    "e10_rupture_debut": null,
    "e10_rupture_type": null,
    "sp98_rupture_debut": null,
    "sp98_rupture_type": null,
    "sp95_rupture_debut": null,
    "sp95_rupture_type": null,
    "e85_rupture_debut": null,
    "e85_rupture_type": null,
    "gplc_rupture_debut": null,
    "gplc_rupture_type": null,
    "gazole_rupture_debut": null,
    "gazole_rupture_type": null,
    "carburants_disponibles": [
      "Gazole",
      "E85",
      "E10",
      "SP98"
    ],
    "carburants_indisponibles": [
      "SP95",
      "GPLc"
    ],
    "carburants_rupture_temporaire": null,
    "carburants_rupture_definitive": null,
    "horaires_automate_24_24": "Oui",
    "services_service": [
      "Boutique alimentaire",
      "Station de gonflage",
      "Location de véhicule",
      "Vente de gaz domestique (Butane, Propane)",
      "Bornes électriques",
      "Automate CB 24/24"
    ],
    "departement": "Nord",
    "code_departement": "59",
    "region": "Hauts-de-France",
    "code_region": "32",
    "horaires_jour": "Automate-24-24"
  }
]