[
  {
    "id": 5200005,
    "latitude": "4454600",
    "longitude": "648100",
    "cp": "05200",
    "pop": "R",
    "adresse": "ZONE COMMERCIALE",
    "ville": "Baratier",
    "services": "{\"service\": [\"Boutique non alimentaire\", \"Station de gonflage\", \"Location de véhicule\", \"Lavage automatique\", \"Lavage manuel\", \"Services réparation / entretien\", \"Vente d'additifs carburants\"]}",
    "prix": "{\"@nom\": \"GPLc\", \"@id\": \"4\", \"@maj\": \"2025-12-08 09:24:11\", \"@valeur\": \"1.020\"}",
    "rupture": "[{\"@nom\": \"Gazole\", \"@id\": \"1\", \"@debut\": \"2021-07-22 16:13:36\", \"@fin\": \"\", \"@type\": \"definitive\"}, {\"@nom\": \"SP95\", \"@id\": \"2\", \"@debut\": \"2021-07-22 16:13:36\", \"@fin\": \"\", \"@type\": \"definitive\"}, {\"@nom\": \"E85\", \"@id\": \"3\", \"@debut\": \"2021-07-22 16:13:36\", \"@fin\": \"\", \"@type\": \"definitive\"}, {\"@nom\": \"E10\", \"@id\": \"5\", \"@debut\": \"2021-07-22 16:13:37\", \"@fin\": \"\", \"@type\": \"definitive\"}, {\"@nom\": \"SP98\", \"@id\": \"6\", \"@debut\": \"2021-07-22 16:13:37\", \"@fin\": \"\", \"@type\": \"definitive\"}]",
    "horaires": "{\"@automate-24-24\": \"\", \"jour\": [{\"@id\": \"1\", \"@nom\": \"Lundi\", \"@ferme\": \"\", \"horaire\": [{\"@ouverture\": \"08.00\", \"@fermeture\": \"12.00\"}, {\"@ouverture\": \"14.00\", \"@fermeture\": \"19.00\"}]}, {\"@id\": \"2\", \"@nom\": \"Mardi\", \"@ferme\": \"\", \"horaire\": [{\"@ouverture\": \"08.30\", \"@fermeture\": \"12.00\"}, {\"@ouverture\": \"14.00\", \"@fermeture\": \"19.00\"}]}, {\"@id\": \"3\", \"@nom\": \"Mercredi\", \"@ferme\": \"\", \"horaire\": [{\"@ouverture\": \"08.30\", \"@fermeture\": \"14.00\"}, {\"@ouverture\": \"14.00\", \"@fermeture\": \"19.00\"}]}, {\"@id\": \"4\", \"@nom\": \"Jeudi\", \"@ferme\": \"\", \"horaire\": [{\"@ouverture\": \"08.30\", \"@fermeture\": \"12.00\"}, {\"@ouverture\": \"14.00\", \"@fermeture\": \"19.00\"}]}, {\"@id\": \"5\", \"@nom\": \"Vendredi\", \"@ferme\": \"\", \"horaire\": [{\"@ouverture\": \"08.30\", \"@fermeture\": \"12.00\"}, {\"@ouverture\": \"14.00\", \"@fermeture\": \"19.00\"}]}, {\"@id\": \"6\", \"@nom\": \"Samedi\", \"@ferme\": \"\", \"horaire\": [{\"@ouverture\": \"08.30\", \"@fermeture\": \"12.00\"}, {\"@ouverture\": \"14.00\", \"@fermeture\": \"18.00\"}]}, {\"@id\": \"7\", \"@nom\": \"Dimanche\", \"@ferme\": \"1\"}]}",
    "geom": {
      "lon": 6.481,
      "lat": 44.546
    },
    "gazole_maj": null,
    "gazole_prix": null,
    "sp95_maj": null,
    "sp95_prix": null,
    "e85_maj": null,
    "e85_prix": null,
    "gplc_maj": "2025-12-08T10:24:11+01:00",
    "gplc_prix": 1.02,
    "e10_maj": null,
    "e10_prix": null,
    "sp98_maj": null,
    "sp98_prix": null,
    "e10_rupture_debut": "2021-07-22T18:13:37+02:00",
    "e10_rupture_type": "definitive",
    "sp98_rupture_debut": "2021-07-22T18:13:37+02:00",
    "sp98_rupture_type": "definitive",
    "sp95_rupture_debut": "2021-07-22T18:13:36+02:00",
    "sp95_rupture_type": "definitive",
    "e85_rupture_debut": "2021-07-22T18:13:36+02:00",
    "e85_rupture_type": "definitive",
    "gplc_rupture_debut": null,
    "gplc_rupture_type": null,
    "gazole_rupture_debut": "2021-07-22T18:13:36+02:00",
    "gazole_rupture_type": "definitive",
    "carburants_disponibles": [
      "GPLc"
    ],
    "carburants_indisponibles": [
      "Gazole",
      "SP95",
      "E85",
      "E10",
      "SP98"
    ],
    "carburants_rupture_temporaire": null,
    "carburants_rupture_definitive": "Gazole;SP95;E85;E10;SP98",
    "horaires_automate_24_24": "Non",
    "services_service": [
      "Boutique non alimentaire",
      "Station de gonflage",
      "Location de véhicule",
      "Lavage automatique",
      "Lavage manuel",
      "Services réparation / entretien",
      "Vente d'additifs carburants"
    ],
    "departement": "Hautes-Alpes",
    "code_departement": "05",
    "region": "Provence-Alpes-Côte d'Azur",
    "code_region": "93",
    "horaires_jour": "Lundi 08.00-12.00 et 14.00-19.00, Mardi 08.30-12.00 et 14.00-19.00, Mercredi 08.30-14.00 et 14.00-19.00, Jeudi 08.30-12.00 et 14.00-19.00, Vendredi 08.30-12.00 et 14.00-19.00, Samedi 08.30-12.00 et 14.00-18.00, Dimanche"
  },
  {
    "id": 5200004,
    "latitude": "4453800",
    "longitude": "649700",
    "cp": "05200",
    "pop": "R",
    "adresse": "359 Route des portes du lac Route Nationale 94",
    "ville": "Baratier",
    "services": "{\"service\": [\"Vente de gaz domestique (Butane, Propane)\", \"Automate CB 24/24\", \"DAB (Distributeur automatique de billets)\"]}",
    "prix": "[{\"@nom\": \"Gazole\", \"@id\": \"1\", \"@maj\": \"2026-02-18 09:54:04\", \"@valeur\": \"1.650\"}, {\"@nom\": \"E85\", \"@id\": \"3\", \"@maj\": \"2026-01-16 09:46:06\", \"@valeur\": \"0.728\"}, {\"@nom\": \"E10\", \"@id\": \"5\", \"@maj\": \"2026-02-18 09:54:04\", \"@valeur\": \"1.697\"}, {\"@nom\": \"SP98\", \"@id\": \"6\", \"@maj\": \"2026-02-18 09:54:05\", \"@valeur\": \"1.797\"}]",
    "rupture": "{\"@nom\": \"GPLc\", \"@id\": \"4\", \"@debut\": \"2024-02-14 09:59:10\", \"@fin\": \"\", \"@type\": \"definitive\"}",
    "horaires": "{\"@automate-24-24\": \"1\", \"jour\": [{\"@id\": \"1\", \"@nom\": \"Lundi\", \"@ferme\": \"\"}, {\"@id\": \"2\", \"@nom\": \"Mardi\", \"@ferme\": \"\"}, {\"@id\": \"3\", \"@nom\": \"Mercredi\", \"@ferme\": \"\"}, {\"@id\": \"4\", \"@nom\": \"Jeudi\", \"@ferme\": \"\"}, {\"@id\": \"5\", \"@nom\": \"Vendredi\", \"@ferme\": \"\"}, {\"@id\": \"6\", \"@nom\": \"Samedi\", \"@ferme\": \"\"}, {\"@id\": \"7\", \"@nom\": \"Dimanche\", \"@ferme\": \"\"}]}",
    "geom": {
      "lon": 6.497,
      "lat": 44.538
    },
    "gazole_maj": "2026-02-18T10:54:04+01:00",
    "gazole_prix": 1.65,
    "sp95_maj": null,
    "sp95_prix": null,
    "e85_maj": "2026-01-16T10:46:06+01:00",
    "e85_prix": 0.728,
    "gplc_maj": null,
    "gplc_prix": null,
    "e10_maj": "2026-02-18T10:54:04+01:00",
    "e10_prix": 1.697,
    "sp98_maj": "2026-02-18T10:54:05+01:00",
    "sp98_prix": 1.797,
    "e10_rupture_debut": null,
    "e10_rupture_type": null,
    "sp98_rupture_debut": null,
    "sp98_rupture_type": null,
    "sp95_rupture_debut": null,
    "sp95_rupture_type": null,
    "e85_rupture_debut": null,
    "e85_rupture_type": null,
    "gplc_rupture_debut": "2024-02-14T10:59:10+01:00",
    "gplc_rupture_type": "definitive",
    "gazole_rupture_debut": null,
    "gazole_rupture_type": null,
    "carburants_disponibles": [
      "Gazole",
      "E85",
      "E10",
      "SP98"
    ],
    "carburants_indisponibles": [
      "SP95",
      "GPLc"
    ],
    "carburants_rupture_temporaire": null,
    "carburants_rupture_definitive": "GPLc",
    "horaires_automate_24_24": "Oui",
    "services_service": [
      "Vente de gaz domestique (Butane, Propane)",
      "Automate CB 24/24",
      "DAB (Distributeur automatique de billets)"
    ],
    "departement": "Hautes-Alpes",
    "code_departement": "05",
    "region": "Provence-Alpes-Côte d'Azur",
    "code_region": "93",
    "horaires_jour": "Automate-24-24"
  },
  {
    "id": 5200009,
    "latitude": "4453836.37",
    "longitude": "649203.6",
    "cp": "05200",
    "pop": "R",
    "adresse": "RN 94 LE PETIT LIOU",
    "ville": "Baratier",
    "services": "{\"service\": [\"Piste poids lourds\", \"Automate CB 24/24\"]}",
    "prix": "[{\"@nom\": \"Gazole\", \"@id\": \"1\", \"@maj\": \"2026-02-18 08:54:53\", \"@valeur\": \"1.746\"}, {\"@nom\": \"E10\", \"@id\": \"5\", \"@maj\": \"2026-02-18 08:54:53\", \"@valeur\": \"1.769\"}, {\"@nom\": \"SP98\", \"@id\": \"6\", \"@maj\": \"2026-02-18 08:54:53\", \"@valeur\": \"1.879\"}]",
    "rupture": "[{\"@nom\": \"E85\", \"@id\": \"3\", \"@debut\": \"2020-08-03 15:31:02\", \"@fin\": \"\", \"@type\": \"definitive\"}, {\"@nom\": \"GPLc\", \"@id\": \"4\", \"@debut\": \"2020-08-03 15:31:02\", \"@fin\": \"\", \"@type\": \"definitive\"}, {\"@nom\": \"SP95\", \"@id\": \"2\", \"@debut\": \"2024-02-11 10:23:43\", \"@fin\": \"\", \"@type\": \"definitive\"}]",
    "horaires": "{\"@automate-24-24\": \"1\", \"jour\": [{\"@id\": \"1\", \"@nom\": \"Lundi\", \"@ferme\": \"1\", \"horaire\": {\"@ouverture\": \"01.00\", \"@fermeture\": \"01.00\"}}, {\"@id\": \"2\", \"@nom\": \"Mardi\", \"@ferme\": \"1\", \"horaire\": {\"@ouverture\": \"01.00\", \"@fermeture\": \"01.00\"}}, {\"@id\": \"3\", \"@nom\": \"Mercredi\", \"@ferme\": \"1\", \"horaire\": {\"@ouverture\": \"01.00\", \"@fermeture\": \"01.00\"}}, {\"@id\": \"4\", \"@nom\": \"Jeudi\", \"@ferme\": \"1\", \"horaire\": {\"@ouverture\": \"01.00\", \"@fermeture\": \"01.00\"}}, {\"@id\": \"5\", \"@nom\": \"Vendredi\", \"@ferme\": \"1\", \"horaire\": {\"@ouverture\": \"01.00\", \"@fermeture\": \"01.00\"}}, {\"@id\": \"6\", \"@nom\": \"Samedi\", \"@ferme\": \"1\", \"horaire\": {\"@ouverture\": \"01.00\", \"@fermeture\": \"01.00\"}}, {\"@id\": \"7\", \"@nom\": \"Dimanche\", \"@ferme\": \"1\", \"horaire\": {\"@ouverture\": \"01.00\", \"@fermeture\": \"01.00\"}}]}",
    "geom": {
      "lon": 6.492036,
      "lat": 44.5383637
    },
    "gazole_maj": "2026-02-18T09:54:53+01:00",
    "gazole_prix": 1.746,
    "sp95_maj": null,
    "sp95_prix": null,
    "e85_maj": null,
    "e85_prix": null,
    "gplc_maj": null,
    "gplc_prix": null,
    "e10_maj": "2026-02-18T09:54:53+01:00",
    "e10_prix": 1.769,
    "sp98_maj": "2026-02-18T09:54:53+01:00",
    "sp98_prix": 1.879,
    "e10_rupture_debut": null,
    "e10_rupture_type": null,
    "sp98_rupture_debut": null,
    "sp98_rupture_type": null,
    "sp95_rupture_debut": "2024-02-11T11:23:43+01:00",
    "sp95_rupture_type": "definitive",
    "e85_rupture_debut": "2020-08-03T17:31:02+02:00",
    "e85_rupture_type": "definitive",
    "gplc_rupture_debut": "2020-08-03T17:31:02+02:00",
    "gplc_rupture_type": "definitive",
    "gazole_rupture_debut": null,
    "gazole_rupture_type": null,
    "carburants_disponibles": [
      "Gazole",
      "E10",
      "SP98"
    ],
    "carburants_indisponibles": [
      "SP95",
      "E85",
      "GPLc"
    ],
    "carburants_rupture_temporaire": null,
    "carburants_rupture_definitive": "SP95;E85;GPLc",
    "horaires_automate_24_24": "Oui",
    "services_service": [
      "Piste poids lourds",
      "Automate CB 24/24"
    ],
    "departement": "Hautes-Alpes",
    "code_departement": "05",
    "region": "Provence-Alpes-Côte d'Azur",
    "code_region": "93",
    "horaires_jour": "Automate-24-24, Lundi01.00-01.00, Mardi01.00-01.00, Mercredi01.00-01.00, Jeudi01.00-01.00, Vendredi01.00-01.00, Samedi01.00-01.00, Dimanche01.00-01.00"
  }
]