[
  {
    "id": 21200011,
    "latitude": "4702014.6902194",
    "longitude": "484149.38015203",
    "cp": "21200",
    "pop": "R",
    "adresse": "28 Rue du Faubourg Madeleine",
    "ville": "Beaune",
    "services": "{\"service\": [\"Vente de gaz domestique (Butane, Propane)\", \"Automate CB 24/24\"]}",
    "prix": "[{\"@nom\": \"Gazole\", \"@id\": \"1\", \"@maj\": \"2026-01-13 14:10:48\", \"@valeur\": \"1.629\"}, {\"@nom\": \"E10\", \"@id\": \"5\", \"@maj\": \"2026-01-13 14:10:48\", \"@valeur\": \"1.679\"}, {\"@nom\": \"SP98\", \"@id\": \"6\", \"@maj\": \"2026-01-13 14:10:49\", \"@valeur\": \"1.769\"}]",
    "rupture": "[{\"@nom\": \"SP95\", \"@id\": \"2\", \"@debut\": \"2024-06-13 14:23:36\", \"@fin\": \"\", \"@type\": \"definitive\"}, {\"@nom\": \"E85\", \"@id\": \"3\", \"@debut\": \"2024-06-13 14:23:37\", \"@fin\": \"\", \"@type\": \"definitive\"}, {\"@nom\": \"GPLc\", \"@id\": \"4\", \"@debut\": \"2024-06-13 14:23:37\", \"@fin\": \"\", \"@type\": \"definitive\"}]",
    "horaires": "{\"@automate-24-24\": \"1\", \"jour\": [{\"@id\": \"1\", \"@nom\": \"Lundi\", \"@ferme\": \"\"}, {\"@id\": \"2\", \"@nom\": \"Mardi\", \"@ferme\": \"\"}, {\"@id\": \"3\", \"@nom\": \"Mercredi\", \"@ferme\": \"\"}, {\"@id\": \"4\", \"@nom\": \"Jeudi\", \"@ferme\": \"\"}, {\"@id\": \"5\", \"@nom\": \"Vendredi\", \"@ferme\": \"\"}, {\"@id\": \"6\", \"@nom\": \"Samedi\", \"@ferme\": \"\"}, {\"@id\": \"7\", \"@nom\": \"Dimanche\", \"@ferme\": \"\"}]}",
    "geom": {
      "lon": 4.8414938015203,
      "lat": 47.02014690219401
    },
    "gazole_maj": "2026-01-13T15:10:48+01:00",
    "gazole_prix": 1.629,
    "sp95_maj": null,
    "sp95_prix": null,
    "e85_maj": null,
    "e85_prix": null,
    "gplc_maj": null,
    "gplc_prix": null,
    "e10_maj": "2026-01-13T15:10:48+01:00",
    "e10_prix": 1.679,
    "sp98_maj": "2026-01-13T15:10:49+01:00",
    "sp98_prix": 1.769,
    "e10_rupture_debut": null,
    "e10_rupture_type": null,
    "sp98_rupture_debut": null,
    "sp98_rupture_type": null,
    "sp95_rupture_debut": "2024-06-13T16:23:36+02:00",
    "sp95_rupture_type": "definitive",
    "e85_rupture_debut": "2024-06-13T16:23:37+02:00",
    "e85_rupture_type": "definitive",
    "gplc_rupture_debut": "2024-06-13T16:23:37+02:00",
    "gplc_rupture_type": "definitive",
    "gazole_rupture_debut": null,
    "gazole_rupture_type": null,
    "carburants_disponibles": [
      "Gazole",
      "E10",
      "SP98"
    ],
    "carburants_indisponibles": [
      "SP95",
      "E85",
      "GPLc"
    ],
    "carburants_rupture_temporaire": null,
    "carburants_rupture_definitive": "SP95;E85;GPLc",
    "horaires_automate_24_24": "Oui",
    "services_service": [
      "Vente de gaz domestique (Butane, Propane)",
      "Automate CB 24/24"
    ],
    "departement": "Côte-d'Or",
    "code_departement": "21",
    "region": "Bourgogne-Franche-Comté",
    "code_region": "27",
    "horaires_jour": "Automate-24-24"
  },
  {
    "id": 21200005,
    "latitude": "4704200",
    "longitude": "484400",
    "cp": "21200",
    "pop": "R",
    "adresse": "Rue Gustave Eiffel",
    "ville": "Beaune",
    "services": "{\"service\": [\"Carburant additivé\", \"Piste poids lourds\", \"Automate CB 24/24\"]}",
    "prix": "[{\"@nom\": \"Gazole\", \"@id\": \"1\", \"@maj\": \"2026-01-25 01:15:00\", \"@valeur\": \"1.659\"}, {\"@nom\": \"E10\", \"@id\": \"5\", \"@maj\": \"2026-01-25 01:15:00\", \"@valeur\": \"1.663\"}, {\"@nom\": \"SP98\", \"@id\": \"6\", \"@maj\": \"2026-01-25 01:15:00\", \"@valeur\": \"1.799\"}]",
    "rupture": "[{\"@nom\": \"E85\", \"@id\": \"3\", \"@debut\": \"2017-09-26 09:38:05\", \"@fin\": \"\", \"@type\": \"definitive\"}, {\"@nom\": \"GPLc\", \"@id\": \"4\", \"@debut\": \"2017-09-26 09:38:05\", \"@fin\": \"\", \"@type\": \"definitive\"}, {\"@nom\": \"SP95\", \"@id\": \"2\", \"@debut\": \"2022-11-14 13:47:44\", \"@fin\": \"\", \"@type\": \"definitive\"}]",
    "horaires": "{\"@automate-24-24\": \"1\", \"jour\": [{\"@id\": \"1\", \"@nom\": \"Lundi\", \"@ferme\": \"\"}, {\"@id\": \"2\", \"@nom\": \"Mardi\", \"@ferme\": \"\"}, {\"@id\": \"3\", \"@nom\": \"Mercredi\", \"@ferme\": \"\"}, {\"@id\": \"4\", \"@nom\": \"Jeudi\", \"@ferme\": \"\"}, {\"@id\": \"5\", \"@nom\": \"Vendredi\", \"@ferme\": \"\"}, {\"@id\": \"6\", \"@nom\": \"Samedi\", \"@ferme\": \"\"}, {\"@id\": \"7\", \"@nom\": \"Dimanche\", \"@ferme\": \"\"}]}",
    "geom": {
      "lon": 4.844,
      "lat": 47.042
    },
    "gazole_maj": "2026-01-25T02:15:00+01:00",
    "gazole_prix": 1.659,
    "sp95_maj": null,
    "sp95_prix": null,
    "e85_maj": null,
    "e85_prix": null,
    "gplc_maj": null,
    "gplc_prix": null,
    "e10_maj": "2026-01-25T02:15:00+01:00",
    "e10_prix": 1.663,
    "sp98_maj": "2026-01-25T02:15:00+01:00",
    "sp98_prix": 1.799,
    "e10_rupture_debut": null,
    "e10_rupture_type": null,
    "sp98_rupture_debut": null,
    "sp98_rupture_type": null,
    "sp95_rupture_debut": "2022-11-14T14:47:44+01:00",
    "sp95_rupture_type": "definitive",
    "e85_rupture_debut": "2017-09-26T11:38:05+02:00",
    "e85_rupture_type": "definitive",
    "gplc_rupture_debut": "2017-09-26T11:38:05+02:00",
    "gplc_rupture_type": "definitive",
    "gazole_rupture_debut": null,
    "gazole_rupture_type": null,
    "carburants_disponibles": [
      "Gazole",
      "E10",
      "SP98"
    ],
    "carburants_indisponibles": [
      "SP95",
      "E85",
      "GPLc"
    ],
    "carburants_rupture_temporaire": null,
    "carburants_rupture_definitive": "SP95;E85;GPLc",
    "horaires_automate_24_24": "Oui",
    "services_service": [
      "Carburant additivé",
      "Piste poids lourds",
      "Automate CB 24/24"
    ],
    "departement": "Côte-d'Or",
    "code_departement": "21",
    "region": "Bourgogne-Franche-Comté",
    "code_region": "27",
    "horaires_jour": "Automate-24-24"
  },
  {
    "id": 21200001,
    "latitude": "4701570.39279",
    "longitude": "483890.960888",
    "cp": "21200",
    "pop": "R",
    "adresse": "Avenue du Général de Gaulle",
    "ville": "Beaune",
    "services": "{\"service\": [\"Toilettes publiques\", \"Boutique alimentaire\", \"Boutique non alimentaire\", \"Restauration à emporter\", \"Restauration sur place\", \"Bar\", \"Vente de pétrole lampant\", \"Station de gonflage\", \"Vente de gaz domestique (Butane, Propane)\", \"DAB (Distributeur automatique de billets)\"]}",
    "prix": "[{\"@nom\": \"Gazole\", \"@id\": \"1\", \"@maj\": \"2026-01-23 00:39:00\", \"@valeur\": \"1.667\"}, {\"@nom\": \"E10\", \"@id\": \"5\", \"@maj\": \"2026-01-23 00:39:00\", \"@valeur\": \"1.663\"}, {\"@nom\": \"SP98\", \"@id\": \"6\", \"@maj\": \"2026-01-23 00:39:00\", \"@valeur\": \"1.827\"}]",
    "rupture": "[{\"@nom\": \"SP95\", \"@id\": \"2\", \"@debut\": \"2017-09-27 09:02:28\", \"@fin\": \"\", \"@type\": \"definitive\"}, {\"@nom\": \"E85\", \"@id\": \"3\", \"@debut\": \"2017-09-27 09:02:28\", \"@fin\": \"\", \"@type\": \"definitive\"}, {\"@nom\": \"GPLc\", \"@id\": \"4\", \"@debut\": \"2017-09-27 09:02:28\", \"@fin\": \"\", \"@type\": \"definitive\"}]",
    "horaires": "{\"@automate-24-24\": \"\", \"jour\": [{\"@id\": \"1\", \"@nom\": \"Lundi\", \"@ferme\": \"\"}, {\"@id\": \"2\", \"@nom\": \"Mardi\", \"@ferme\": \"\"}, {\"@id\": \"3\", \"@nom\": \"Mercredi\", \"@ferme\": \"\"}, {\"@id\": \"4\", \"@nom\": \"Jeudi\", \"@ferme\": \"\"}, {\"@id\": \"5\", \"@nom\": \"Vendredi\", \"@ferme\": \"\"}, {\"@id\": \"6\", \"@nom\": \"Samedi\", \"@ferme\": \"\"}, {\"@id\": \"7\", \"@nom\": \"Dimanche\", \"@ferme\": \"\"}]}",
    "geom": {
      "lon": 4.83890960888,
      "lat": 47.0157039279
    },
    "gazole_maj": "2026-01-23T01:39:00+01:00",
    "gazole_prix": 1.667,
    "sp95_maj": null,
    "sp95_prix": null,
    "e85_maj": null,
    "e85_prix": null,
    "gplc_maj": null,
    "gplc_prix": null,
    "e10_maj": "2026-01-23T01:39:00+01:00",
    "e10_prix": 1.663,
    "sp98_maj": "2026-01-23T01:39:00+01:00",
    "sp98_prix": 1.827,
    "e10_rupture_debut": null,
    "e10_rupture_type": null,
    "sp98_rupture_debut": null,
    "sp98_rupture_type": null,
    "sp95_rupture_debut": "2017-09-27T11:02:28+02:00",
    "sp95_rupture_type": "definitive",
    "e85_rupture_debut": "2017-09-27T11:02:28+02:00",
    "e85_rupture_type": "definitive",
    "gplc_rupture_debut": "2017-09-27T11:02:28+02:00",
    "gplc_rupture_type": "definitive",
    "gazole_rupture_debut": null,
    "gazole_rupture_type": null,
    "carburants_disponibles": [
      "Gazole",
      "E10",
      "SP98"
    ],
    "carburants_indisponibles": [
      "SP95",
      "E85",
      "GPLc"
    ],
    "carburants_rupture_temporaire": null,
    "carburants_rupture_definitive": "SP95;E85;GPLc",
    "horaires_automate_24_24": "Non",
    "services_service": [
      "Toilettes publiques",
      "Boutique alimentaire",
      "Boutique non alimentaire",
      "Restauration à emporter",
      "Restauration sur place",
      "Bar",
      "Vente de pétrole lampant",
      "Station de gonflage",
      "Vente de gaz domestique (Butane, Propane)",
      "DAB (Distributeur automatique de billets)"
    ],
    "departement": "Côte-d'Or",
    "code_departement": "21",
    "region": "Bourgogne-Franche-Comté",
    "code_region": "27",
    "horaires_jour": null
  },
  {
    "id": 21200003,
    "latitude": "4701800",
    "longitude": "482700",
    "cp": "21200",
    "pop": "R",
    "adresse": "27 Route de Pommard",
    "ville": "Beaune",
    "services": null,
    "prix": "[{\"@nom\": \"Gazole\", \"@id\": \"1\", \"@maj\": \"2026-01-23 12:00:00\", \"@valeur\": \"1.662\"}, {\"@nom\": \"E85\", \"@id\": \"3\", \"@maj\": \"2026-01-23 12:00:00\", \"@valeur\": \"0.823\"}, {\"@nom\": \"E10\", \"@id\": \"5\", \"@maj\": \"2026-01-23 12:00:00\", \"@valeur\": \"1.672\"}, {\"@nom\": \"SP98\", \"@id\": \"6\", \"@maj\": \"2026-01-23 12:00:00\", \"@valeur\": \"1.808\"}]",
    "rupture": "{\"@nom\": \"SP95\", \"@id\": \"2\", \"@debut\": \"2011-05-02 09:32:00\", \"@fin\": \"\", \"@type\": \"\"}",
    "horaires": "{\"@automate-24-24\": \"\", \"jour\": [{\"@id\": \"1\", \"@nom\": \"Lundi\", \"@ferme\": \"\"}, {\"@id\": \"2\", \"@nom\": \"Mardi\", \"@ferme\": \"\"}, {\"@id\": \"3\", \"@nom\": \"Mercredi\", \"@ferme\": \"\"}, {\"@id\": \"4\", \"@nom\": \"Jeudi\", \"@ferme\": \"\"}, {\"@id\": \"5\", \"@nom\": \"Vendredi\", \"@ferme\": \"\"}, {\"@id\": \"6\", \"@nom\": \"Samedi\", \"@ferme\": \"\"}, {\"@id\": \"7\", \"@nom\": \"Dimanche\", \"@ferme\": \"\"}]}",
    "geom": {
      "lon": 4.827,
      "lat": 47.018
    },
    "gazole_maj": "2026-01-23T13:00:00+01:00",
    "gazole_prix": 1.662,
    "sp95_maj": null,
    "sp95_prix": null,
    "e85_maj": "2026-01-23T13:00:00+01:00",
    "e85_prix": 0.823,
    "gplc_maj": null,
    "gplc_prix": null,
    "e10_maj": "2026-01-23T13:00:00+01:00",
    "e10_prix": 1.672,
    "sp98_maj": "2026-01-23T13:00:00+01:00",
    "sp98_prix": 1.808,
    "e10_rupture_debut": null,
    "e10_rupture_type": null,
    "sp98_rupture_debut": null,
    "sp98_rupture_type": null,
    "sp95_rupture_debut": null,
    "sp95_rupture_type": null,
    "e85_rupture_debut": null,
    "e85_rupture_type": null,
    "gplc_rupture_debut": null,
    "gplc_rupture_type": null,
    "gazole_rupture_debut": null,
    "gazole_rupture_type": null,
    "carburants_disponibles": [
      "Gazole",
      "E85",
      "E10",
      "SP98"
    ],
    "carburants_indisponibles": [
      "SP95",
      "GPLc"
    ],
    "carburants_rupture_temporaire": null,
    "carburants_rupture_definitive": null,
    "horaires_automate_24_24": "Non",
    "services_service": null,
    "departement": "Côte-d'Or",
    "code_departement": "21",
    "region": "Bourgogne-Franche-Comté",
    "code_region": "27",
    "horaires_jour": null
  }
]