[
  {
    "id": 37330001,
    "latitude": "4754200",
    "longitude": "33700",
    "cp": "37330",
    "pop": "R",
    "adresse": "75 Avenue du Général de Gaulle",
    "ville": "Château-la-Vallière",
    "services": "{\"service\": [\"Laverie\", \"Relais colis\", \"Vente de fioul domestique\", \"Station de gonflage\", \"Aire de camping-cars\", \"Location de véhicule\", \"Piste poids lourds\", \"Lavage automatique\", \"Lavage manuel\", \"Vente de gaz domestique (Butane, Propane)\", \"Automate CB 24/24\", \"DAB (Distributeur automatique de billets)\"]}",
    "prix": "[{\"@nom\": \"Gazole\", \"@id\": \"1\", \"@maj\": \"2026-01-16 16:39:09\", \"@valeur\": \"1.645\"}, {\"@nom\": \"SP95\", \"@id\": \"2\", \"@maj\": \"2026-01-13 09:16:33\", \"@valeur\": \"1.715\"}, {\"@nom\": \"GPLc\", \"@id\": \"4\", \"@maj\": \"2025-06-26 09:17:24\", \"@valeur\": \"0.965\"}, {\"@nom\": \"E10\", \"@id\": \"5\", \"@maj\": \"2026-01-09 16:50:31\", \"@valeur\": \"1.665\"}, {\"@nom\": \"SP98\", \"@id\": \"6\", \"@maj\": \"2026-01-16 16:39:10\", \"@valeur\": \"1.755\"}]",
    "rupture": "{\"@nom\": \"E85\", \"@id\": \"3\", \"@debut\": \"2017-09-01 16:44:31\", \"@fin\": \"\", \"@type\": \"definitive\"}",
    "horaires": "{\"@automate-24-24\": \"1\", \"jour\": [{\"@id\": \"1\", \"@nom\": \"Lundi\", \"@ferme\": \"\", \"horaire\": [{\"@ouverture\": \"08.30\", \"@fermeture\": \"12.30\"}, {\"@ouverture\": \"14.30\", \"@fermeture\": \"19.30\"}]}, {\"@id\": \"2\", \"@nom\": \"Mardi\", \"@ferme\": \"\", \"horaire\": [{\"@ouverture\": \"08.30\", \"@fermeture\": \"12.30\"}, {\"@ouverture\": \"14.30\", \"@fermeture\": \"19.30\"}]}, {\"@id\": \"3\", \"@nom\": \"Mercredi\", \"@ferme\": \"\", \"horaire\": [{\"@ouverture\": \"08.30\", \"@fermeture\": \"12.30\"}, {\"@ouverture\": \"14.30\", \"@fermeture\": \"19.30\"}]}, {\"@id\": \"4\", \"@nom\": \"Jeudi\", \"@ferme\": \"\", \"horaire\": [{\"@ouverture\": \"08.30\", \"@fermeture\": \"12.30\"}, {\"@ouverture\": \"14.30\", \"@fermeture\": \"19.30\"}]}, {\"@id\": \"5\", \"@nom\": \"Vendredi\", \"@ferme\": \"\", \"horaire\": [{\"@ouverture\": \"08.30\", \"@fermeture\": \"12.30\"}, {\"@ouverture\": \"14.30\", \"@fermeture\": \"19.30\"}]}, {\"@id\": \"6\", \"@nom\": \"Samedi\", \"@ferme\": \"\", \"horaire\": [{\"@ouverture\": \"08.30\", \"@fermeture\": \"12.30\"}, {\"@ouverture\": \"14.30\", \"@fermeture\": \"19.30\"}]}, {\"@id\": \"7\", \"@nom\": \"Dimanche\", \"@ferme\": \"\", \"horaire\": {\"@ouverture\": \"09.00\", \"@fermeture\": \"12.15\"}}]}",
    "geom": {
      "lon": 0.337,
      "lat": 47.542
    },
    "gazole_maj": "2026-01-16T17:39:09+01:00",
    "gazole_prix": 1.645,
    "sp95_maj": "2026-01-13T10:16:33+01:00",
    "sp95_prix": 1.715,
    "e85_maj": null,
    "e85_prix": null,
    "gplc_maj": "2025-06-26T11:17:24+02:00",
    "gplc_prix": 0.965,
    "e10_maj": "2026-01-09T17:50:31+01:00",
    "e10_prix": 1.665,
    "sp98_maj": "2026-01-16T17:39:10+01:00",
    "sp98_prix": 1.755,
    "e10_rupture_debut": null,
    "e10_rupture_type": null,
    "sp98_rupture_debut": null,
    "sp98_rupture_type": null,
    "sp95_rupture_debut": null,
    "sp95_rupture_type": null,
    "e85_rupture_debut": "2017-09-01T18:44:31+02:00",
    "e85_rupture_type": "definitive",
    "gplc_rupture_debut": null,
    "gplc_rupture_type": null,
    "gazole_rupture_debut": null,
    "gazole_rupture_type": null,
    "carburants_disponibles": [
      "Gazole",
      "SP95",
      "GPLc",
      "E10",
      "SP98"
    ],
    "carburants_indisponibles": [
      "E85"
    ],
    "carburants_rupture_temporaire": null,
    "carburants_rupture_definitive": "E85",
    "horaires_automate_24_24": "Oui",
    "services_service": [
      "Laverie",
      "Relais colis",
      "Vente de fioul domestique",
      "Station de gonflage",
      "Aire de camping-cars",
      "Location de véhicule",
      "Piste poids lourds",
      "Lavage automatique",
      "Lavage manuel",
      "Vente de gaz domestique (Butane, Propane)",
      "Automate CB 24/24",
      "DAB (Distributeur automatique de billets)"
    ],
    "departement": "Indre-et-Loire",
    "code_departement": "37",
    "region": "Centre-Val de Loire",
    "code_region": "24",
    "horaires_jour": "Automate-24-24, Lundi 08.30-12.30 et 14.30-19.30, Mardi 08.30-12.30 et 14.30-19.30, Mercredi 08.30-12.30 et 14.30-19.30, Jeudi 08.30-12.30 et 14.30-19.30, Vendredi 08.30-12.30 et 14.30-19.30, Samedi 08.30-12.30 et 14.30-19.30, Dimanche09.00-12.15"
  }
]