[
  {
    "id": 39120002,
    "latitude": "4695812.65417",
    "longitude": 540934.229503,
    "cp": "39120",
    "pop": "R",
    "adresse": "Route de Longwy",
    "ville": "Chaussin",
    "services": "{\"service\": [\"Boutique alimentaire\", \"Boutique non alimentaire\", \"Station de gonflage\", \"Piste poids lourds\", \"Vente de gaz domestique (Butane, Propane)\", \"DAB (Distributeur automatique de billets)\"]}",
    "prix": "[{\"@nom\": \"Gazole\", \"@id\": \"1\", \"@maj\": \"2024-02-27 07:33:43\", \"@valeur\": \"1.779\"}, {\"@nom\": \"E10\", \"@id\": \"5\", \"@maj\": \"2024-02-27 07:33:43\", \"@valeur\": \"1.809\"}, {\"@nom\": \"SP98\", \"@id\": \"6\", \"@maj\": \"2024-02-27 07:33:44\", \"@valeur\": \"1.899\"}]",
    "horaires": "{\"@automate-24-24\": \"\", \"jour\": [{\"@id\": \"1\", \"@nom\": \"Lundi\", \"@ferme\": \"\"}, {\"@id\": \"2\", \"@nom\": \"Mardi\", \"@ferme\": \"\"}, {\"@id\": \"3\", \"@nom\": \"Mercredi\", \"@ferme\": \"\"}, {\"@id\": \"4\", \"@nom\": \"Jeudi\", \"@ferme\": \"\"}, {\"@id\": \"5\", \"@nom\": \"Vendredi\", \"@ferme\": \"\"}, {\"@id\": \"6\", \"@nom\": \"Samedi\", \"@ferme\": \"\"}, {\"@id\": \"7\", \"@nom\": \"Dimanche\", \"@ferme\": \"\"}]}",
    "geom": {
      "lon": 5.40934229503,
      "lat": 46.9581265417
    },
    "gazole_maj": "2024-02-27T08:33:43+01:00",
    "gazole_prix": "1.779",
    "sp95_maj": null,
    "sp95_prix": null,
    "e85_maj": null,
    "e85_prix": null,
    "gplc_maj": null,
    "gplc_prix": null,
    "e10_maj": "2024-02-27T08:33:43+01:00",
    "e10_prix": "1.809",
    "sp98_maj": "2024-02-27T08:33:44+01:00",
    "sp98_prix": "1.899",
    "carburants_disponibles": [
      "Gazole",
      "E10",
      "SP98"
    ],
    "carburants_indisponibles": [
      "SP95",
      "E85",
      "GPLc"
    ],
    "horaires_automate_24_24": "Non",
    "services_service": [
      "Boutique alimentaire",
      "Boutique non alimentaire",
      "Station de gonflage",
      "Piste poids lourds",
      "Vente de gaz domestique (Butane, Propane)",
      "DAB (Distributeur automatique de billets)"
    ],
    "departement": "Jura",
    "code_departement": "39",
    "region": "Bourgogne-Franche-Comté",
    "code_region": "27"
  }
]