[
  {
    "id": 1300003,
    "latitude": "4577800",
    "longitude": 568900,
    "cp": "01300",
    "pop": "R",
    "adresse": "RN 504 - ZI de Penaye",
    "ville": "Chazey-Bons",
    "horaires": "{\"@automate-24-24\": \"1\", \"jour\": [{\"@id\": \"1\", \"@nom\": \"Lundi\", \"@ferme\": \"\"}, {\"@id\": \"2\", \"@nom\": \"Mardi\", \"@ferme\": \"\"}, {\"@id\": \"3\", \"@nom\": \"Mercredi\", \"@ferme\": \"\"}, {\"@id\": \"4\", \"@nom\": \"Jeudi\", \"@ferme\": \"\"}, {\"@id\": \"5\", \"@nom\": \"Vendredi\", \"@ferme\": \"\"}, {\"@id\": \"6\", \"@nom\": \"Samedi\", \"@ferme\": \"\"}, {\"@id\": \"7\", \"@nom\": \"Dimanche\", \"@ferme\": \"\"}]}",
    "services": "{\"service\": [\"Toilettes publiques\", \"Laverie\", \"Lavage automatique\", \"Vente de gaz domestique (Butane, Propane)\", \"Automate CB 24/24\", \"DAB (Distributeur automatique de billets)\"]}",
    "prix": "[{\"@nom\": \"Gazole\", \"@id\": \"1\", \"@maj\": \"2024-01-03 09:16:53\", \"@valeur\": \"1.679\"}, {\"@nom\": \"E10\", \"@id\": \"5\", \"@maj\": \"2023-12-23 19:39:59\", \"@valeur\": \"1.758\"}, {\"@nom\": \"SP98\", \"@id\": \"6\", \"@maj\": \"2023-12-30 08:38:58\", \"@valeur\": \"1.824\"}]",
    "geom": {
      "lon": 5.689,
      "lat": 45.778
    },
    "gazole_maj": "2024-01-03T10:16:53+01:00",
    "gazole_prix": "1.679",
    "sp95_maj": null,
    "sp95_prix": null,
    "e85_maj": null,
    "e85_prix": null,
    "gplc_maj": null,
    "gplc_prix": null,
    "e10_maj": "2023-12-23T20:39:59+01:00",
    "e10_prix": "1.758",
    "sp98_maj": "2023-12-30T09:38:58+01:00",
    "sp98_prix": "1.824",
    "carburants_disponibles": [
      "Gazole",
      "E10",
      "SP98"
    ],
    "carburants_indisponibles": [
      "SP95",
      "E85",
      "GPLc"
    ],
    "horaires_automate_24_24": "Oui",
    "services_service": [
      "Toilettes publiques",
      "Laverie",
      "Lavage automatique",
      "Vente de gaz domestique (Butane, Propane)",
      "Automate CB 24/24",
      "DAB (Distributeur automatique de billets)"
    ],
    "departement": "Ain",
    "code_departement": "01",
    "region": "Auvergne-Rhône-Alpes",
    "code_region": "84"
  }
]