[
  {
    "id": 94430007,
    "latitude": "4879900",
    "longitude": "254300",
    "cp": "94430",
    "pop": "R",
    "adresse": "79 RUE DES FUSILLES DE CHATEAUBR",
    "ville": "Chennevières-sur-Marne",
    "services": "{\"service\": [\"Boutique alimentaire\", \"Boutique non alimentaire\", \"Station de gonflage\", \"Carburant additivé\", \"Lavage automatique\", \"Services réparation / entretien\", \"Vente de gaz domestique (Butane, Propane)\"]}",
    "prix": "[{\"@nom\": \"Gazole\", \"@id\": \"1\", \"@maj\": \"2025-11-20 00:01:00\", \"@valeur\": \"1.767\"}, {\"@nom\": \"E85\", \"@id\": \"3\", \"@maj\": \"2025-11-20 00:01:00\", \"@valeur\": \"0.809\"}, {\"@nom\": \"E10\", \"@id\": \"5\", \"@maj\": \"2025-11-20 00:01:00\", \"@valeur\": \"1.749\"}, {\"@nom\": \"SP98\", \"@id\": \"6\", \"@maj\": \"2025-11-20 00:01:00\", \"@valeur\": \"1.819\"}]",
    "rupture": "[{\"@nom\": \"SP95\", \"@id\": \"2\", \"@debut\": \"2023-03-16 10:35:02\", \"@fin\": \"\", \"@type\": \"definitive\"}, {\"@nom\": \"GPLc\", \"@id\": \"4\", \"@debut\": \"2023-03-17 10:26:15\", \"@fin\": \"\", \"@type\": \"definitive\"}]",
    "horaires": "{\"@automate-24-24\": \"\", \"jour\": [{\"@id\": \"1\", \"@nom\": \"Lundi\", \"@ferme\": \"\", \"horaire\": {\"@ouverture\": \"06.00\", \"@fermeture\": \"21.00\"}}, {\"@id\": \"2\", \"@nom\": \"Mardi\", \"@ferme\": \"\", \"horaire\": {\"@ouverture\": \"06.00\", \"@fermeture\": \"21.00\"}}, {\"@id\": \"3\", \"@nom\": \"Mercredi\", \"@ferme\": \"\", \"horaire\": {\"@ouverture\": \"06.00\", \"@fermeture\": \"21.00\"}}, {\"@id\": \"4\", \"@nom\": \"Jeudi\", \"@ferme\": \"\", \"horaire\": {\"@ouverture\": \"06.00\", \"@fermeture\": \"21.00\"}}, {\"@id\": \"5\", \"@nom\": \"Vendredi\", \"@ferme\": \"\", \"horaire\": {\"@ouverture\": \"06.00\", \"@fermeture\": \"21.00\"}}, {\"@id\": \"6\", \"@nom\": \"Samedi\", \"@ferme\": \"\", \"horaire\": {\"@ouverture\": \"06.00\", \"@fermeture\": \"21.00\"}}, {\"@id\": \"7\", \"@nom\": \"Dimanche\", \"@ferme\": \"\", \"horaire\": {\"@ouverture\": \"06.00\", \"@fermeture\": \"21.00\"}}]}",
    "geom": {
      "lon": 2.543,
      "lat": 48.799
    },
    "gazole_maj": "2025-11-20T01:01:00+01:00",
    "gazole_prix": 1.767,
    "sp95_maj": null,
    "sp95_prix": null,
    "e85_maj": "2025-11-20T01:01:00+01:00",
    "e85_prix": 0.809,
    "gplc_maj": null,
    "gplc_prix": null,
    "e10_maj": "2025-11-20T01:01:00+01:00",
    "e10_prix": 1.749,
    "sp98_maj": "2025-11-20T01:01:00+01:00",
    "sp98_prix": 1.819,
    "e10_rupture_debut": null,
    "e10_rupture_type": null,
    "sp98_rupture_debut": null,
    "sp98_rupture_type": null,
    "sp95_rupture_debut": "2023-03-16T11:35:02+01:00",
    "sp95_rupture_type": "definitive",
    "e85_rupture_debut": null,
    "e85_rupture_type": null,
    "gplc_rupture_debut": "2023-03-17T11:26:15+01:00",
    "gplc_rupture_type": "definitive",
    "gazole_rupture_debut": null,
    "gazole_rupture_type": null,
    "carburants_disponibles": [
      "Gazole",
      "E85",
      "E10",
      "SP98"
    ],
    "carburants_indisponibles": [
      "SP95",
      "GPLc"
    ],
    "carburants_rupture_temporaire": null,
    "carburants_rupture_definitive": "SP95;GPLc",
    "horaires_automate_24_24": "Non",
    "services_service": [
      "Boutique alimentaire",
      "Boutique non alimentaire",
      "Station de gonflage",
      "Carburant additivé",
      "Lavage automatique",
      "Services réparation / entretien",
      "Vente de gaz domestique (Butane, Propane)"
    ],
    "departement": "Val-de-Marne",
    "code_departement": "94",
    "region": "Île-de-France",
    "code_region": "11",
    "horaires_jour": "Lundi06.00-21.00, Mardi06.00-21.00, Mercredi06.00-21.00, Jeudi06.00-21.00, Vendredi06.00-21.00, Samedi06.00-21.00, Dimanche06.00-21.00"
  }
]