[
  {
    "id": 45170007,
    "latitude": "4807291.5",
    "longitude": "213577.5",
    "cp": "45170",
    "pop": "R",
    "adresse": "11 grande rue",
    "ville": "Chilleurs-aux-Bois",
    "services": "{\"service\": \"Automate CB 24/24\"}",
    "prix": "[{\"@nom\": \"Gazole\", \"@id\": \"1\", \"@maj\": \"2026-02-03 07:46:23\", \"@valeur\": \"1.840\"}, {\"@nom\": \"SP98\", \"@id\": \"6\", \"@maj\": \"2026-02-03 07:46:23\", \"@valeur\": \"1.890\"}]",
    "rupture": null,
    "horaires": "{\"@automate-24-24\": \"\", \"jour\": [{\"@id\": \"1\", \"@nom\": \"Lundi\", \"@ferme\": \"\"}, {\"@id\": \"2\", \"@nom\": \"Mardi\", \"@ferme\": \"\"}, {\"@id\": \"3\", \"@nom\": \"Mercredi\", \"@ferme\": \"\"}, {\"@id\": \"4\", \"@nom\": \"Jeudi\", \"@ferme\": \"\"}, {\"@id\": \"5\", \"@nom\": \"Vendredi\", \"@ferme\": \"\"}, {\"@id\": \"6\", \"@nom\": \"Samedi\", \"@ferme\": \"\"}, {\"@id\": \"7\", \"@nom\": \"Dimanche\", \"@ferme\": \"\"}]}",
    "geom": {
      "lon": 2.135775,
      "lat": 48.072915
    },
    "gazole_maj": "2026-02-03T08:46:23+01:00",
    "gazole_prix": 1.84,
    "sp95_maj": null,
    "sp95_prix": null,
    "e85_maj": null,
    "e85_prix": null,
    "gplc_maj": null,
    "gplc_prix": null,
    "e10_maj": null,
    "e10_prix": null,
    "sp98_maj": "2026-02-03T08:46:23+01:00",
    "sp98_prix": 1.89,
    "e10_rupture_debut": null,
    "e10_rupture_type": null,
    "sp98_rupture_debut": null,
    "sp98_rupture_type": null,
    "sp95_rupture_debut": null,
    "sp95_rupture_type": null,
    "e85_rupture_debut": null,
    "e85_rupture_type": null,
    "gplc_rupture_debut": null,
    "gplc_rupture_type": null,
    "gazole_rupture_debut": null,
    "gazole_rupture_type": null,
    "carburants_disponibles": [
      "Gazole",
      "SP98"
    ],
    "carburants_indisponibles": [
      "SP95",
      "E85",
      "GPLc",
      "E10"
    ],
    "carburants_rupture_temporaire": null,
    "carburants_rupture_definitive": null,
    "horaires_automate_24_24": "Non",
    "services_service": [
      "Automate CB 24/24"
    ],
    "departement": "Loiret",
    "code_departement": "45",
    "region": "Centre-Val de Loire",
    "code_region": "24",
    "horaires_jour": null
  }
]