[
  {
    "id": 62000006,
    "latitude": "5028300",
    "longitude": "273900",
    "cp": "62000",
    "pop": "R",
    "adresse": "jean mermoz",
    "ville": "Dainville",
    "services": "{\"service\": [\"Toilettes publiques\", \"Relais colis\", \"Boutique alimentaire\", \"Boutique non alimentaire\", \"Restauration à emporter\", \"Restauration sur place\", \"Vente de pétrole lampant\", \"Location de véhicule\", \"Piste poids lourds\", \"Lavage automatique\", \"Lavage manuel\", \"Services réparation / entretien\", \"Vente de gaz domestique (Butane, Propane)\", \"Bornes électriques\", \"Vente d'additifs carburants\", \"Wifi\", \"Automate CB 24/24\", \"DAB (Distributeur automatique de billets)\"]}",
    "prix": "[{\"@nom\": \"Gazole\", \"@id\": \"1\", \"@maj\": \"2025-11-03 08:03:52\", \"@valeur\": \"1.614\"}, {\"@nom\": \"E85\", \"@id\": \"3\", \"@maj\": \"2025-10-20 15:00:00\", \"@valeur\": \"0.659\"}, {\"@nom\": \"GPLc\", \"@id\": \"4\", \"@maj\": \"2025-08-03 00:01:00\", \"@valeur\": \"0.969\"}, {\"@nom\": \"E10\", \"@id\": \"5\", \"@maj\": \"2025-11-01 08:24:52\", \"@valeur\": \"1.643\"}, {\"@nom\": \"SP98\", \"@id\": \"6\", \"@maj\": \"2025-11-01 08:24:52\", \"@valeur\": \"1.709\"}]",
    "rupture": "{\"@nom\": \"SP95\", \"@id\": \"2\", \"@debut\": \"2021-07-05 11:26:38\", \"@fin\": \"\", \"@type\": \"definitive\"}",
    "horaires": "{\"@automate-24-24\": \"1\", \"jour\": [{\"@id\": \"1\", \"@nom\": \"Lundi\", \"@ferme\": \"\", \"horaire\": {\"@ouverture\": \"00.00\", \"@fermeture\": \"00.00\"}}, {\"@id\": \"2\", \"@nom\": \"Mardi\", \"@ferme\": \"\", \"horaire\": {\"@ouverture\": \"00.00\", \"@fermeture\": \"00.00\"}}, {\"@id\": \"3\", \"@nom\": \"Mercredi\", \"@ferme\": \"\", \"horaire\": {\"@ouverture\": \"00.00\", \"@fermeture\": \"00.00\"}}, {\"@id\": \"4\", \"@nom\": \"Jeudi\", \"@ferme\": \"\", \"horaire\": {\"@ouverture\": \"00.00\", \"@fermeture\": \"00.00\"}}, {\"@id\": \"5\", \"@nom\": \"Vendredi\", \"@ferme\": \"\", \"horaire\": {\"@ouverture\": \"00.00\", \"@fermeture\": \"00.00\"}}, {\"@id\": \"6\", \"@nom\": \"Samedi\", \"@ferme\": \"\", \"horaire\": {\"@ouverture\": \"00.00\", \"@fermeture\": \"00.00\"}}, {\"@id\": \"7\", \"@nom\": \"Dimanche\", \"@ferme\": \"\", \"horaire\": {\"@ouverture\": \"00.00\", \"@fermeture\": \"00.00\"}}]}",
    "geom": {
      "lon": 2.739,
      "lat": 50.283
    },
    "gazole_maj": "2025-11-03T09:03:52+01:00",
    "gazole_prix": 1.614,
    "sp95_maj": null,
    "sp95_prix": null,
    "e85_maj": "2025-10-20T17:00:00+02:00",
    "e85_prix": 0.659,
    "gplc_maj": "2025-08-03T02:01:00+02:00",
    "gplc_prix": 0.969,
    "e10_maj": "2025-11-01T09:24:52+01:00",
    "e10_prix": 1.643,
    "sp98_maj": "2025-11-01T09:24:52+01:00",
    "sp98_prix": 1.709,
    "e10_rupture_debut": null,
    "e10_rupture_type": null,
    "sp98_rupture_debut": null,
    "sp98_rupture_type": null,
    "sp95_rupture_debut": "2021-07-05T13:26:38+02:00",
    "sp95_rupture_type": "definitive",
    "e85_rupture_debut": null,
    "e85_rupture_type": null,
    "gplc_rupture_debut": null,
    "gplc_rupture_type": null,
    "gazole_rupture_debut": null,
    "gazole_rupture_type": null,
    "carburants_disponibles": [
      "Gazole",
      "E85",
      "GPLc",
      "E10",
      "SP98"
    ],
    "carburants_indisponibles": [
      "SP95"
    ],
    "carburants_rupture_temporaire": null,
    "carburants_rupture_definitive": "SP95",
    "horaires_automate_24_24": "Oui",
    "services_service": [
      "Toilettes publiques",
      "Relais colis",
      "Boutique alimentaire",
      "Boutique non alimentaire",
      "Restauration à emporter",
      "Restauration sur place",
      "Vente de pétrole lampant",
      "Location de véhicule",
      "Piste poids lourds",
      "Lavage automatique",
      "Lavage manuel",
      "Services réparation / entretien",
      "Vente de gaz domestique (Butane, Propane)",
      "Bornes électriques",
      "Vente d'additifs carburants",
      "Wifi",
      "Automate CB 24/24",
      "DAB (Distributeur automatique de billets)"
    ],
    "departement": "Pas-de-Calais",
    "code_departement": "62",
    "region": "Hauts-de-France",
    "code_region": "32",
    "horaires_jour": "Automate-24-24, Lundi00.00-00.00, Mardi00.00-00.00, Mercredi00.00-00.00, Jeudi00.00-00.00, Vendredi00.00-00.00, Samedi00.00-00.00, Dimanche00.00-00.00"
  }
]