[
  {
    "id": 26220001,
    "latitude": "4452100",
    "longitude": "505600",
    "cp": "26220",
    "pop": "R",
    "adresse": "181 Route de Montélimar",
    "ville": "Dieulefit",
    "services": "{\"service\": [\"Toilettes publiques\", \"Laverie\", \"Relais colis\", \"Boutique alimentaire\", \"Boutique non alimentaire\", \"Restauration à emporter\", \"Vente de pétrole lampant\", \"Station de gonflage\", \"Carburant additivé\", \"Aire de camping-cars\", \"Location de véhicule\", \"Piste poids lourds\", \"Lavage automatique\", \"Vente de gaz domestique (Butane, Propane)\", \"Automate CB 24/24\", \"DAB (Distributeur automatique de billets)\"]}",
    "prix": "[{\"@nom\": \"Gazole\", \"@id\": \"1\", \"@maj\": \"2026-01-02 19:30:00\", \"@valeur\": \"1.579\"}, {\"@nom\": \"SP95\", \"@id\": \"2\", \"@maj\": \"2026-01-02 19:30:00\", \"@valeur\": \"1.709\"}, {\"@nom\": \"SP98\", \"@id\": \"6\", \"@maj\": \"2026-01-02 19:30:00\", \"@valeur\": \"1.759\"}]",
    "rupture": "[{\"@nom\": \"E10\", \"@id\": \"5\", \"@debut\": \"2017-05-24 00:00:00\", \"@fin\": \"\", \"@type\": \"\"}, {\"@nom\": \"E85\", \"@id\": \"3\", \"@debut\": \"2017-09-11 10:00:11\", \"@fin\": \"\", \"@type\": \"definitive\"}, {\"@nom\": \"GPLc\", \"@id\": \"4\", \"@debut\": \"2017-09-11 10:00:11\", \"@fin\": \"\", \"@type\": \"definitive\"}]",
    "horaires": "{\"@automate-24-24\": \"1\", \"jour\": [{\"@id\": \"1\", \"@nom\": \"Lundi\", \"@ferme\": \"\", \"horaire\": {\"@ouverture\": \"00.00\", \"@fermeture\": \"23.59\"}}, {\"@id\": \"2\", \"@nom\": \"Mardi\", \"@ferme\": \"\", \"horaire\": {\"@ouverture\": \"00.00\", \"@fermeture\": \"23.59\"}}, {\"@id\": \"3\", \"@nom\": \"Mercredi\", \"@ferme\": \"\", \"horaire\": {\"@ouverture\": \"00.00\", \"@fermeture\": \"23.59\"}}, {\"@id\": \"4\", \"@nom\": \"Jeudi\", \"@ferme\": \"\", \"horaire\": {\"@ouverture\": \"00.00\", \"@fermeture\": \"23.59\"}}, {\"@id\": \"5\", \"@nom\": \"Vendredi\", \"@ferme\": \"\", \"horaire\": {\"@ouverture\": \"00.00\", \"@fermeture\": \"23.59\"}}, {\"@id\": \"6\", \"@nom\": \"Samedi\", \"@ferme\": \"\", \"horaire\": {\"@ouverture\": \"00.00\", \"@fermeture\": \"23.59\"}}, {\"@id\": \"7\", \"@nom\": \"Dimanche\", \"@ferme\": \"\", \"horaire\": {\"@ouverture\": \"00.00\", \"@fermeture\": \"23.59\"}}]}",
    "geom": {
      "lon": 5.056,
      "lat": 44.521
    },
    "gazole_maj": "2026-01-02T20:30:00+01:00",
    "gazole_prix": 1.579,
    "sp95_maj": "2026-01-02T20:30:00+01:00",
    "sp95_prix": 1.709,
    "e85_maj": null,
    "e85_prix": null,
    "gplc_maj": null,
    "gplc_prix": null,
    "e10_maj": null,
    "e10_prix": null,
    "sp98_maj": "2026-01-02T20:30:00+01:00",
    "sp98_prix": 1.759,
    "e10_rupture_debut": null,
    "e10_rupture_type": null,
    "sp98_rupture_debut": null,
    "sp98_rupture_type": null,
    "sp95_rupture_debut": null,
    "sp95_rupture_type": null,
    "e85_rupture_debut": "2017-09-11T12:00:11+02:00",
    "e85_rupture_type": "definitive",
    "gplc_rupture_debut": "2017-09-11T12:00:11+02:00",
    "gplc_rupture_type": "definitive",
    "gazole_rupture_debut": null,
    "gazole_rupture_type": null,
    "carburants_disponibles": [
      "Gazole",
      "SP95",
      "SP98"
    ],
    "carburants_indisponibles": [
      "E85",
      "GPLc",
      "E10"
    ],
    "carburants_rupture_temporaire": null,
    "carburants_rupture_definitive": "E85;GPLc",
    "horaires_automate_24_24": "Oui",
    "services_service": [
      "Toilettes publiques",
      "Laverie",
      "Relais colis",
      "Boutique alimentaire",
      "Boutique non alimentaire",
      "Restauration à emporter",
      "Vente de pétrole lampant",
      "Station de gonflage",
      "Carburant additivé",
      "Aire de camping-cars",
      "Location de véhicule",
      "Piste poids lourds",
      "Lavage automatique",
      "Vente de gaz domestique (Butane, Propane)",
      "Automate CB 24/24",
      "DAB (Distributeur automatique de billets)"
    ],
    "departement": "Drôme",
    "code_departement": "26",
    "region": "Auvergne-Rhône-Alpes",
    "code_region": "84",
    "horaires_jour": "Automate-24-24, Lundi00.00-23.59, Mardi00.00-23.59, Mercredi00.00-23.59, Jeudi00.00-23.59, Vendredi00.00-23.59, Samedi00.00-23.59, Dimanche00.00-23.59"
  }
]