[
  {
    "id": 79160002,
    "latitude": "4643043",
    "longitude": -50163,
    "cp": "79160",
    "pop": "A",
    "adresse": "A83 - AIRE DE LA CANEPETIERE",
    "ville": "Faye-sur-Ardin",
    "services": "{\"service\": [\"Boutique alimentaire\", \"Boutique non alimentaire\"]}",
    "prix": "[{\"@nom\": \"Gazole\", \"@id\": \"1\", \"@maj\": \"2024-02-20 15:19:10\", \"@valeur\": \"1.940\"}, {\"@nom\": \"E85\", \"@id\": \"3\", \"@maj\": \"2024-02-06 08:41:03\", \"@valeur\": \"0.910\"}, {\"@nom\": \"GPLc\", \"@id\": \"4\", \"@maj\": \"2024-02-21 13:40:01\", \"@valeur\": \"1.054\"}, {\"@nom\": \"E10\", \"@id\": \"5\", \"@maj\": \"2024-02-20 15:19:11\", \"@valeur\": \"1.950\"}, {\"@nom\": \"SP98\", \"@id\": \"6\", \"@maj\": \"2024-02-06 08:41:03\", \"@valeur\": \"1.990\"}]",
    "horaires": "{\"@automate-24-24\": \"\", \"jour\": [{\"@id\": \"1\", \"@nom\": \"Lundi\", \"@ferme\": \"\"}, {\"@id\": \"2\", \"@nom\": \"Mardi\", \"@ferme\": \"\"}, {\"@id\": \"3\", \"@nom\": \"Mercredi\", \"@ferme\": \"\"}, {\"@id\": \"4\", \"@nom\": \"Jeudi\", \"@ferme\": \"\"}, {\"@id\": \"5\", \"@nom\": \"Vendredi\", \"@ferme\": \"\"}, {\"@id\": \"6\", \"@nom\": \"Samedi\", \"@ferme\": \"\"}, {\"@id\": \"7\", \"@nom\": \"Dimanche\", \"@ferme\": \"\"}]}",
    "geom": {
      "lon": -0.50163,
      "lat": 46.43043
    },
    "gazole_maj": "2024-02-20T16:19:10+01:00",
    "gazole_prix": "1.940",
    "sp95_maj": null,
    "sp95_prix": null,
    "e85_maj": "2024-02-06T09:41:03+01:00",
    "e85_prix": "0.910",
    "gplc_maj": "2024-02-21T14:40:01+01:00",
    "gplc_prix": "1.054",
    "e10_maj": "2024-02-20T16:19:11+01:00",
    "e10_prix": "1.950",
    "sp98_maj": "2024-02-06T09:41:03+01:00",
    "sp98_prix": "1.990",
    "carburants_disponibles": [
      "Gazole",
      "E85",
      "GPLc",
      "E10",
      "SP98"
    ],
    "carburants_indisponibles": [
      "SP95"
    ],
    "horaires_automate_24_24": "Non",
    "services_service": [
      "Boutique alimentaire",
      "Boutique non alimentaire"
    ],
    "departement": "Deux-Sèvres",
    "code_departement": "79",
    "region": "Nouvelle-Aquitaine",
    "code_region": "75"
  }
]