[
  {
    "id": 89150002,
    "latitude": "4816600",
    "longitude": "317200",
    "cp": "89150",
    "pop": "A",
    "adresse": "AUTOROUTE A 19",
    "ville": "Fouchères",
    "services": null,
    "prix": "[{\"@nom\": \"Gazole\", \"@id\": \"1\", \"@maj\": \"2025-11-04 11:19:00\", \"@valeur\": \"1.889\"}, {\"@nom\": \"GPLc\", \"@id\": \"4\", \"@maj\": \"2025-11-04 11:19:00\", \"@valeur\": \"1.064\"}, {\"@nom\": \"E10\", \"@id\": \"5\", \"@maj\": \"2025-11-04 11:19:00\", \"@valeur\": \"1.919\"}, {\"@nom\": \"SP98\", \"@id\": \"6\", \"@maj\": \"2025-11-04 11:19:00\", \"@valeur\": \"2.029\"}]",
    "rupture": "[{\"@nom\": \"SP95\", \"@id\": \"2\", \"@debut\": \"2009-10-13 16:19:00\", \"@fin\": \"\", \"@type\": \"\"}, {\"@nom\": \"E85\", \"@id\": \"3\", \"@debut\": \"2016-03-10 00:00:00\", \"@fin\": \"\", \"@type\": \"\"}]",
    "horaires": "{\"@automate-24-24\": \"\", \"jour\": [{\"@id\": \"1\", \"@nom\": \"Lundi\", \"@ferme\": \"\"}, {\"@id\": \"2\", \"@nom\": \"Mardi\", \"@ferme\": \"\"}, {\"@id\": \"3\", \"@nom\": \"Mercredi\", \"@ferme\": \"\"}, {\"@id\": \"4\", \"@nom\": \"Jeudi\", \"@ferme\": \"\"}, {\"@id\": \"5\", \"@nom\": \"Vendredi\", \"@ferme\": \"\"}, {\"@id\": \"6\", \"@nom\": \"Samedi\", \"@ferme\": \"\"}, {\"@id\": \"7\", \"@nom\": \"Dimanche\", \"@ferme\": \"\"}]}",
    "geom": {
      "lon": 3.172,
      "lat": 48.166
    },
    "gazole_maj": "2025-11-04T12:19:00+01:00",
    "gazole_prix": 1.889,
    "sp95_maj": null,
    "sp95_prix": null,
    "e85_maj": null,
    "e85_prix": null,
    "gplc_maj": "2025-11-04T12:19:00+01:00",
    "gplc_prix": 1.064,
    "e10_maj": "2025-11-04T12:19:00+01:00",
    "e10_prix": 1.919,
    "sp98_maj": "2025-11-04T12:19:00+01:00",
    "sp98_prix": 2.029,
    "e10_rupture_debut": null,
    "e10_rupture_type": null,
    "sp98_rupture_debut": null,
    "sp98_rupture_type": null,
    "sp95_rupture_debut": null,
    "sp95_rupture_type": null,
    "e85_rupture_debut": null,
    "e85_rupture_type": null,
    "gplc_rupture_debut": null,
    "gplc_rupture_type": null,
    "gazole_rupture_debut": null,
    "gazole_rupture_type": null,
    "carburants_disponibles": [
      "Gazole",
      "GPLc",
      "E10",
      "SP98"
    ],
    "carburants_indisponibles": [
      "SP95",
      "E85"
    ],
    "carburants_rupture_temporaire": null,
    "carburants_rupture_definitive": null,
    "horaires_automate_24_24": "Non",
    "services_service": null,
    "departement": "Yonne",
    "code_departement": "89",
    "region": "Bourgogne-Franche-Comté",
    "code_region": "27",
    "horaires_jour": null
  },
  {
    "id": 10260001,
    "latitude": "4815000",
    "longitude": "426200",
    "cp": "10260",
    "pop": "R",
    "adresse": "Faubourg de Champagne",
    "ville": "Fouchères",
    "services": "{\"service\": [\"Boutique non alimentaire\", \"Station de gonflage\", \"Carburant additivé\", \"Piste poids lourds\", \"Services réparation / entretien\", \"Vente de gaz domestique (Butane, Propane)\", \"Vente d'additifs carburants\"]}",
    "prix": "[{\"@nom\": \"Gazole\", \"@id\": \"1\", \"@maj\": \"2025-10-30 07:57:41\", \"@valeur\": \"1.780\"}, {\"@nom\": \"E10\", \"@id\": \"5\", \"@maj\": \"2025-10-30 07:57:41\", \"@valeur\": \"1.800\"}, {\"@nom\": \"SP98\", \"@id\": \"6\", \"@maj\": \"2025-10-30 07:57:41\", \"@valeur\": \"1.880\"}]",
    "rupture": "[{\"@nom\": \"E85\", \"@id\": \"3\", \"@debut\": \"2017-10-05 09:03:11\", \"@fin\": \"\", \"@type\": \"definitive\"}, {\"@nom\": \"GPLc\", \"@id\": \"4\", \"@debut\": \"2017-10-05 09:03:12\", \"@fin\": \"\", \"@type\": \"definitive\"}, {\"@nom\": \"SP95\", \"@id\": \"2\", \"@debut\": \"2023-09-04 17:43:06\", \"@fin\": \"\", \"@type\": \"definitive\"}]",
    "horaires": "{\"@automate-24-24\": \"\", \"jour\": [{\"@id\": \"1\", \"@nom\": \"Lundi\", \"@ferme\": \"\", \"horaire\": {\"@ouverture\": \"07.30\", \"@fermeture\": \"19.00\"}}, {\"@id\": \"2\", \"@nom\": \"Mardi\", \"@ferme\": \"\", \"horaire\": {\"@ouverture\": \"07.30\", \"@fermeture\": \"19.00\"}}, {\"@id\": \"3\", \"@nom\": \"Mercredi\", \"@ferme\": \"\", \"horaire\": {\"@ouverture\": \"07.30\", \"@fermeture\": \"19.00\"}}, {\"@id\": \"4\", \"@nom\": \"Jeudi\", \"@ferme\": \"\", \"horaire\": {\"@ouverture\": \"07.30\", \"@fermeture\": \"19.00\"}}, {\"@id\": \"5\", \"@nom\": \"Vendredi\", \"@ferme\": \"\", \"horaire\": {\"@ouverture\": \"07.30\", \"@fermeture\": \"19.00\"}}, {\"@id\": \"6\", \"@nom\": \"Samedi\", \"@ferme\": \"\", \"horaire\": {\"@ouverture\": \"08.00\", \"@fermeture\": \"12.00\"}}, {\"@id\": \"7\", \"@nom\": \"Dimanche\", \"@ferme\": \"1\"}]}",
    "geom": {
      "lon": 4.262,
      "lat": 48.15
    },
    "gazole_maj": "2025-10-30T08:57:41+01:00",
    "gazole_prix": 1.78,
    "sp95_maj": null,
    "sp95_prix": null,
    "e85_maj": null,
    "e85_prix": null,
    "gplc_maj": null,
    "gplc_prix": null,
    "e10_maj": "2025-10-30T08:57:41+01:00",
    "e10_prix": 1.8,
    "sp98_maj": "2025-10-30T08:57:41+01:00",
    "sp98_prix": 1.88,
    "e10_rupture_debut": null,
    "e10_rupture_type": null,
    "sp98_rupture_debut": null,
    "sp98_rupture_type": null,
    "sp95_rupture_debut": "2023-09-04T19:43:06+02:00",
    "sp95_rupture_type": "definitive",
    "e85_rupture_debut": "2017-10-05T11:03:11+02:00",
    "e85_rupture_type": "definitive",
    "gplc_rupture_debut": "2017-10-05T11:03:12+02:00",
    "gplc_rupture_type": "definitive",
    "gazole_rupture_debut": null,
    "gazole_rupture_type": null,
    "carburants_disponibles": [
      "Gazole",
      "E10",
      "SP98"
    ],
    "carburants_indisponibles": [
      "SP95",
      "E85",
      "GPLc"
    ],
    "carburants_rupture_temporaire": null,
    "carburants_rupture_definitive": "SP95;E85;GPLc",
    "horaires_automate_24_24": "Non",
    "services_service": [
      "Boutique non alimentaire",
      "Station de gonflage",
      "Carburant additivé",
      "Piste poids lourds",
      "Services réparation / entretien",
      "Vente de gaz domestique (Butane, Propane)",
      "Vente d'additifs carburants"
    ],
    "departement": "Aube",
    "code_departement": "10",
    "region": "Grand Est",
    "code_region": "44",
    "horaires_jour": "Lundi07.30-19.00, Mardi07.30-19.00, Mercredi07.30-19.00, Jeudi07.30-19.00, Vendredi07.30-19.00, Samedi08.00-12.00, Dimanche"
  }
]