[
  {
    "id": 21220006,
    "latitude": "4721796.5761992",
    "longitude": "500272.49351628",
    "cp": "21220",
    "pop": "A",
    "adresse": "AUTOROUTE A31 SENS DIJON - BEAUNE",
    "ville": "Gevrey-Chambertin",
    "services": "{\"service\": [\"Toilettes publiques\", \"Douches\", \"Laverie\", \"Boutique alimentaire\", \"Boutique non alimentaire\", \"Restauration à emporter\", \"Restauration sur place\", \"Station de gonflage\", \"Carburant additivé\", \"Aire de camping-cars\", \"Piste poids lourds\", \"Espace bébé\", \"Bornes électriques\", \"Vente d'additifs carburants\", \"Wifi\", \"Automate CB 24/24\"]}",
    "prix": "[{\"@nom\": \"Gazole\", \"@id\": \"1\", \"@maj\": \"2026-02-16 09:53:41\", \"@valeur\": \"1.735\"}, {\"@nom\": \"E10\", \"@id\": \"5\", \"@maj\": \"2026-02-16 09:53:41\", \"@valeur\": \"1.787\"}, {\"@nom\": \"SP98\", \"@id\": \"6\", \"@maj\": \"2026-02-16 09:53:42\", \"@valeur\": \"1.893\"}]",
    "rupture": "[{\"@nom\": \"SP95\", \"@id\": \"2\", \"@debut\": \"2021-05-07 09:00:06\", \"@fin\": \"\", \"@type\": \"definitive\"}, {\"@nom\": \"E85\", \"@id\": \"3\", \"@debut\": \"2021-06-30 08:23:09\", \"@fin\": \"\", \"@type\": \"definitive\"}, {\"@nom\": \"GPLc\", \"@id\": \"4\", \"@debut\": \"2021-06-16 10:58:26\", \"@fin\": \"\", \"@type\": \"definitive\"}]",
    "horaires": "{\"@automate-24-24\": \"1\", \"jour\": [{\"@id\": \"1\", \"@nom\": \"Lundi\", \"@ferme\": \"\", \"horaire\": {\"@ouverture\": \"00.00\", \"@fermeture\": \"00.00\"}}, {\"@id\": \"2\", \"@nom\": \"Mardi\", \"@ferme\": \"\", \"horaire\": {\"@ouverture\": \"00.00\", \"@fermeture\": \"00.00\"}}, {\"@id\": \"3\", \"@nom\": \"Mercredi\", \"@ferme\": \"\", \"horaire\": {\"@ouverture\": \"00.00\", \"@fermeture\": \"00.00\"}}, {\"@id\": \"4\", \"@nom\": \"Jeudi\", \"@ferme\": \"\", \"horaire\": {\"@ouverture\": \"00.00\", \"@fermeture\": \"00.00\"}}, {\"@id\": \"5\", \"@nom\": \"Vendredi\", \"@ferme\": \"\", \"horaire\": {\"@ouverture\": \"00.00\", \"@fermeture\": \"00.00\"}}, {\"@id\": \"6\", \"@nom\": \"Samedi\", \"@ferme\": \"\", \"horaire\": {\"@ouverture\": \"00.00\", \"@fermeture\": \"00.00\"}}, {\"@id\": \"7\", \"@nom\": \"Dimanche\", \"@ferme\": \"\", \"horaire\": {\"@ouverture\": \"00.00\", \"@fermeture\": \"00.00\"}}]}",
    "geom": {
      "lon": 5.0027249351628,
      "lat": 47.217965761992
    },
    "gazole_maj": "2026-02-16T10:53:41+01:00",
    "gazole_prix": 1.735,
    "sp95_maj": null,
    "sp95_prix": null,
    "e85_maj": null,
    "e85_prix": null,
    "gplc_maj": null,
    "gplc_prix": null,
    "e10_maj": "2026-02-16T10:53:41+01:00",
    "e10_prix": 1.787,
    "sp98_maj": "2026-02-16T10:53:42+01:00",
    "sp98_prix": 1.893,
    "e10_rupture_debut": null,
    "e10_rupture_type": null,
    "sp98_rupture_debut": null,
    "sp98_rupture_type": null,
    "sp95_rupture_debut": "2021-05-07T11:00:06+02:00",
    "sp95_rupture_type": "definitive",
    "e85_rupture_debut": "2021-06-30T10:23:09+02:00",
    "e85_rupture_type": "definitive",
    "gplc_rupture_debut": "2021-06-16T12:58:26+02:00",
    "gplc_rupture_type": "definitive",
    "gazole_rupture_debut": null,
    "gazole_rupture_type": null,
    "carburants_disponibles": [
      "Gazole",
      "E10",
      "SP98"
    ],
    "carburants_indisponibles": [
      "SP95",
      "E85",
      "GPLc"
    ],
    "carburants_rupture_temporaire": null,
    "carburants_rupture_definitive": "SP95;E85;GPLc",
    "horaires_automate_24_24": "Oui",
    "services_service": [
      "Toilettes publiques",
      "Douches",
      "Laverie",
      "Boutique alimentaire",
      "Boutique non alimentaire",
      "Restauration à emporter",
      "Restauration sur place",
      "Station de gonflage",
      "Carburant additivé",
      "Aire de camping-cars",
      "Piste poids lourds",
      "Espace bébé",
      "Bornes électriques",
      "Vente d'additifs carburants",
      "Wifi",
      "Automate CB 24/24"
    ],
    "departement": "Côte-d'Or",
    "code_departement": "21",
    "region": "Bourgogne-Franche-Comté",
    "code_region": "27",
    "horaires_jour": "Automate-24-24, Lundi00.00-00.00, Mardi00.00-00.00, Mercredi00.00-00.00, Jeudi00.00-00.00, Vendredi00.00-00.00, Samedi00.00-00.00, Dimanche00.00-00.00"
  },
  {
    "id": 21220008,
    "latitude": "4723200",
    "longitude": "497000",
    "cp": "21220",
    "pop": "A",
    "adresse": "A31 SENS BEAUNE DIJON",
    "ville": "Gevrey-Chambertin",
    "services": "{\"service\": [\"Toilettes publiques\", \"Douches\", \"Laverie\", \"Boutique alimentaire\", \"Boutique non alimentaire\", \"Restauration à emporter\", \"Restauration sur place\", \"Station de gonflage\", \"Aire de camping-cars\", \"Piste poids lourds\", \"Espace bébé\", \"Bornes électriques\", \"Vente d'additifs carburants\", \"Wifi\", \"Automate CB 24/24\"]}",
    "prix": "[{\"@nom\": \"Gazole\", \"@id\": \"1\", \"@maj\": \"2026-02-16 06:00:00\", \"@valeur\": \"1.748\"}, {\"@nom\": \"E85\", \"@id\": \"3\", \"@maj\": \"2026-02-16 06:00:00\", \"@valeur\": \"0.900\"}, {\"@nom\": \"GPLc\", \"@id\": \"4\", \"@maj\": \"2026-02-16 06:00:00\", \"@valeur\": \"1.095\"}, {\"@nom\": \"E10\", \"@id\": \"5\", \"@maj\": \"2026-02-16 06:00:00\", \"@valeur\": \"1.766\"}, {\"@nom\": \"SP98\", \"@id\": \"6\", \"@maj\": \"2026-02-16 06:00:00\", \"@valeur\": \"1.866\"}]",
    "rupture": "{\"@nom\": \"SP95\", \"@id\": \"2\", \"@debut\": \"2026-01-28 17:31:44\", \"@fin\": \"\", \"@type\": \"definitive\"}",
    "horaires": "{\"@automate-24-24\": \"1\", \"jour\": [{\"@id\": \"1\", \"@nom\": \"Lundi\", \"@ferme\": \"\", \"horaire\": {\"@ouverture\": \"00.00\", \"@fermeture\": \"23.59\"}}, {\"@id\": \"2\", \"@nom\": \"Mardi\", \"@ferme\": \"\", \"horaire\": {\"@ouverture\": \"00.00\", \"@fermeture\": \"23.59\"}}, {\"@id\": \"3\", \"@nom\": \"Mercredi\", \"@ferme\": \"\", \"horaire\": {\"@ouverture\": \"00.00\", \"@fermeture\": \"23.59\"}}, {\"@id\": \"4\", \"@nom\": \"Jeudi\", \"@ferme\": \"\", \"horaire\": {\"@ouverture\": \"00.00\", \"@fermeture\": \"23.59\"}}, {\"@id\": \"5\", \"@nom\": \"Vendredi\", \"@ferme\": \"\", \"horaire\": {\"@ouverture\": \"00.00\", \"@fermeture\": \"23.59\"}}, {\"@id\": \"6\", \"@nom\": \"Samedi\", \"@ferme\": \"\", \"horaire\": {\"@ouverture\": \"00.00\", \"@fermeture\": \"23.59\"}}, {\"@id\": \"7\", \"@nom\": \"Dimanche\", \"@ferme\": \"\", \"horaire\": {\"@ouverture\": \"00.00\", \"@fermeture\": \"23.59\"}}]}",
    "geom": {
      "lon": 4.97,
      "lat": 47.232
    },
    "gazole_maj": "2026-02-16T07:00:00+01:00",
    "gazole_prix": 1.748,
    "sp95_maj": null,
    "sp95_prix": null,
    "e85_maj": "2026-02-16T07:00:00+01:00",
    "e85_prix": 0.9,
    "gplc_maj": "2026-02-16T07:00:00+01:00",
    "gplc_prix": 1.095,
    "e10_maj": "2026-02-16T07:00:00+01:00",
    "e10_prix": 1.766,
    "sp98_maj": "2026-02-16T07:00:00+01:00",
    "sp98_prix": 1.866,
    "e10_rupture_debut": null,
    "e10_rupture_type": null,
    "sp98_rupture_debut": null,
    "sp98_rupture_type": null,
    "sp95_rupture_debut": "2026-01-28T18:31:44+01:00",
    "sp95_rupture_type": "definitive",
    "e85_rupture_debut": null,
    "e85_rupture_type": null,
    "gplc_rupture_debut": null,
    "gplc_rupture_type": null,
    "gazole_rupture_debut": null,
    "gazole_rupture_type": null,
    "carburants_disponibles": [
      "Gazole",
      "E85",
      "GPLc",
      "E10",
      "SP98"
    ],
    "carburants_indisponibles": [
      "SP95"
    ],
    "carburants_rupture_temporaire": null,
    "carburants_rupture_definitive": "SP95",
    "horaires_automate_24_24": "Oui",
    "services_service": [
      "Toilettes publiques",
      "Douches",
      "Laverie",
      "Boutique alimentaire",
      "Boutique non alimentaire",
      "Restauration à emporter",
      "Restauration sur place",
      "Station de gonflage",
      "Aire de camping-cars",
      "Piste poids lourds",
      "Espace bébé",
      "Bornes électriques",
      "Vente d'additifs carburants",
      "Wifi",
      "Automate CB 24/24"
    ],
    "departement": "Côte-d'Or",
    "code_departement": "21",
    "region": "Bourgogne-Franche-Comté",
    "code_region": "27",
    "horaires_jour": "Automate-24-24, Lundi00.00-23.59, Mardi00.00-23.59, Mercredi00.00-23.59, Jeudi00.00-23.59, Vendredi00.00-23.59, Samedi00.00-23.59, Dimanche00.00-23.59"
  }
]