[
  {
    "id": 23000001,
    "latitude": "4616800",
    "longitude": "188800",
    "cp": "23000",
    "pop": "R",
    "adresse": "46 Avenue d'Auvergne",
    "ville": "Guéret",
    "services": "{\"service\": [\"Toilettes publiques\", \"Relais colis\", \"Boutique alimentaire\", \"Boutique non alimentaire\", \"Restauration à emporter\", \"Vente de pétrole lampant\", \"Location de véhicule\", \"Piste poids lourds\", \"Espace bébé\", \"Vente de gaz domestique (Butane, Propane)\", \"Vente d'additifs carburants\", \"Wifi\", \"Automate CB 24/24\", \"DAB (Distributeur automatique de billets)\"]}",
    "prix": "[{\"@nom\": \"Gazole\", \"@id\": \"1\", \"@maj\": \"2026-01-03 10:42:07\", \"@valeur\": \"1.622\"}, {\"@nom\": \"SP95\", \"@id\": \"2\", \"@maj\": \"2026-01-02 10:29:36\", \"@valeur\": \"1.699\"}, {\"@nom\": \"E10\", \"@id\": \"5\", \"@maj\": \"2026-01-02 10:29:36\", \"@valeur\": \"1.664\"}, {\"@nom\": \"SP98\", \"@id\": \"6\", \"@maj\": \"2026-01-08 11:55:17\", \"@valeur\": \"1.745\"}]",
    "rupture": "[{\"@nom\": \"GPLc\", \"@id\": \"4\", \"@debut\": \"2011-07-19 10:19:00\", \"@fin\": \"\", \"@type\": \"\"}, {\"@nom\": \"E85\", \"@id\": \"3\", \"@debut\": \"2011-08-06 09:02:00\", \"@fin\": \"\", \"@type\": \"\"}, {\"@nom\": \"E85\", \"@id\": \"3\", \"@debut\": \"2017-08-30 09:47:48\", \"@fin\": \"\", \"@type\": \"definitive\"}, {\"@nom\": \"GPLc\", \"@id\": \"4\", \"@debut\": \"2017-08-30 09:47:49\", \"@fin\": \"\", \"@type\": \"definitive\"}]",
    "horaires": "{\"@automate-24-24\": \"1\", \"jour\": [{\"@id\": \"1\", \"@nom\": \"Lundi\", \"@ferme\": \"\", \"horaire\": {\"@ouverture\": \"00.00\", \"@fermeture\": \"00.00\"}}, {\"@id\": \"2\", \"@nom\": \"Mardi\", \"@ferme\": \"\", \"horaire\": {\"@ouverture\": \"00.00\", \"@fermeture\": \"00.00\"}}, {\"@id\": \"3\", \"@nom\": \"Mercredi\", \"@ferme\": \"\", \"horaire\": {\"@ouverture\": \"00.00\", \"@fermeture\": \"00.00\"}}, {\"@id\": \"4\", \"@nom\": \"Jeudi\", \"@ferme\": \"\", \"horaire\": {\"@ouverture\": \"00.00\", \"@fermeture\": \"00.00\"}}, {\"@id\": \"5\", \"@nom\": \"Vendredi\", \"@ferme\": \"\", \"horaire\": {\"@ouverture\": \"00.00\", \"@fermeture\": \"00.00\"}}, {\"@id\": \"6\", \"@nom\": \"Samedi\", \"@ferme\": \"\", \"horaire\": {\"@ouverture\": \"00.00\", \"@fermeture\": \"00.00\"}}, {\"@id\": \"7\", \"@nom\": \"Dimanche\", \"@ferme\": \"\", \"horaire\": {\"@ouverture\": \"00.00\", \"@fermeture\": \"00.00\"}}]}",
    "geom": {
      "lon": 1.888,
      "lat": 46.168
    },
    "gazole_maj": "2026-01-03T11:42:07+01:00",
    "gazole_prix": 1.622,
    "sp95_maj": "2026-01-02T11:29:36+01:00",
    "sp95_prix": 1.699,
    "e85_maj": null,
    "e85_prix": null,
    "gplc_maj": null,
    "gplc_prix": null,
    "e10_maj": "2026-01-02T11:29:36+01:00",
    "e10_prix": 1.664,
    "sp98_maj": "2026-01-08T12:55:17+01:00",
    "sp98_prix": 1.745,
    "e10_rupture_debut": null,
    "e10_rupture_type": null,
    "sp98_rupture_debut": null,
    "sp98_rupture_type": null,
    "sp95_rupture_debut": null,
    "sp95_rupture_type": null,
    "e85_rupture_debut": "2017-08-30T11:47:48+02:00",
    "e85_rupture_type": "definitive",
    "gplc_rupture_debut": "2017-08-30T11:47:49+02:00",
    "gplc_rupture_type": "definitive",
    "gazole_rupture_debut": null,
    "gazole_rupture_type": null,
    "carburants_disponibles": [
      "Gazole",
      "SP95",
      "E10",
      "SP98"
    ],
    "carburants_indisponibles": [
      "E85",
      "GPLc"
    ],
    "carburants_rupture_temporaire": null,
    "carburants_rupture_definitive": "E85;GPLc",
    "horaires_automate_24_24": "Oui",
    "services_service": [
      "Toilettes publiques",
      "Relais colis",
      "Boutique alimentaire",
      "Boutique non alimentaire",
      "Restauration à emporter",
      "Vente de pétrole lampant",
      "Location de véhicule",
      "Piste poids lourds",
      "Espace bébé",
      "Vente de gaz domestique (Butane, Propane)",
      "Vente d'additifs carburants",
      "Wifi",
      "Automate CB 24/24",
      "DAB (Distributeur automatique de billets)"
    ],
    "departement": "Creuse",
    "code_departement": "23",
    "region": "Nouvelle-Aquitaine",
    "code_region": "75",
    "horaires_jour": "Automate-24-24, Lundi00.00-00.00, Mardi00.00-00.00, Mercredi00.00-00.00, Jeudi00.00-00.00, Vendredi00.00-00.00, Samedi00.00-00.00, Dimanche00.00-00.00"
  }
]