[
  {
    "id": 59279004,
    "latitude": "5098200",
    "longitude": "258400",
    "cp": "59122",
    "pop": "R",
    "adresse": "17 PLACE DU GENERAL DE GAULLE",
    "ville": "Hondschoote",
    "services": "{\"service\": [\"Laverie\", \"Relais colis\", \"Boutique alimentaire\", \"Boutique non alimentaire\", \"Restauration à emporter\", \"Restauration sur place\", \"Bar\", \"Vente de fioul domestique\", \"Station de gonflage\", \"Carburant additivé\", \"Location de véhicule\", \"Lavage automatique\", \"Lavage manuel\", \"Vente de gaz domestique (Butane, Propane)\", \"Bornes électriques\", \"Vente d'additifs carburants\", \"Automate CB 24/24\", \"DAB (Distributeur automatique de billets)\"]}",
    "prix": null,
    "rupture": "[{\"@nom\": \"SP95\", \"@id\": \"2\", \"@debut\": \"2021-07-05 08:58:23\", \"@fin\": \"\", \"@type\": \"definitive\"}, {\"@nom\": \"GPLc\", \"@id\": \"4\", \"@debut\": \"2021-07-05 08:58:24\", \"@fin\": \"\", \"@type\": \"definitive\"}, {\"@nom\": \"E85\", \"@id\": \"3\", \"@debut\": \"2024-04-04 07:33:55\", \"@fin\": \"\", \"@type\": \"definitive\"}, {\"@nom\": \"Gazole\", \"@id\": \"1\", \"@debut\": \"2025-11-17 06:33:20\", \"@fin\": \"\", \"@type\": \"temporaire\"}, {\"@nom\": \"E10\", \"@id\": \"5\", \"@debut\": \"2025-11-17 06:33:20\", \"@fin\": \"\", \"@type\": \"temporaire\"}, {\"@nom\": \"SP98\", \"@id\": \"6\", \"@debut\": \"2025-11-17 06:33:21\", \"@fin\": \"\", \"@type\": \"temporaire\"}]",
    "horaires": "{\"@automate-24-24\": \"1\", \"jour\": [{\"@id\": \"1\", \"@nom\": \"Lundi\", \"@ferme\": \"1\", \"horaire\": {\"@ouverture\": \"01.00\", \"@fermeture\": \"01.00\"}}, {\"@id\": \"2\", \"@nom\": \"Mardi\", \"@ferme\": \"1\", \"horaire\": {\"@ouverture\": \"01.00\", \"@fermeture\": \"01.00\"}}, {\"@id\": \"3\", \"@nom\": \"Mercredi\", \"@ferme\": \"1\", \"horaire\": {\"@ouverture\": \"01.00\", \"@fermeture\": \"01.00\"}}, {\"@id\": \"4\", \"@nom\": \"Jeudi\", \"@ferme\": \"1\", \"horaire\": {\"@ouverture\": \"01.00\", \"@fermeture\": \"01.00\"}}, {\"@id\": \"5\", \"@nom\": \"Vendredi\", \"@ferme\": \"1\", \"horaire\": {\"@ouverture\": \"01.00\", \"@fermeture\": \"01.00\"}}, {\"@id\": \"6\", \"@nom\": \"Samedi\", \"@ferme\": \"1\", \"horaire\": {\"@ouverture\": \"01.00\", \"@fermeture\": \"01.00\"}}, {\"@id\": \"7\", \"@nom\": \"Dimanche\", \"@ferme\": \"1\", \"horaire\": {\"@ouverture\": \"01.00\", \"@fermeture\": \"01.00\"}}]}",
    "geom": {
      "lon": 2.584,
      "lat": 50.982
    },
    "gazole_maj": null,
    "gazole_prix": null,
    "sp95_maj": null,
    "sp95_prix": null,
    "e85_maj": null,
    "e85_prix": null,
    "gplc_maj": null,
    "gplc_prix": null,
    "e10_maj": null,
    "e10_prix": null,
    "sp98_maj": null,
    "sp98_prix": null,
    "e10_rupture_debut": "2025-11-17T07:33:20+01:00",
    "e10_rupture_type": "temporaire",
    "sp98_rupture_debut": "2025-11-17T07:33:21+01:00",
    "sp98_rupture_type": "temporaire",
    "sp95_rupture_debut": "2021-07-05T10:58:23+02:00",
    "sp95_rupture_type": "definitive",
    "e85_rupture_debut": "2024-04-04T09:33:55+02:00",
    "e85_rupture_type": "definitive",
    "gplc_rupture_debut": "2021-07-05T10:58:24+02:00",
    "gplc_rupture_type": "definitive",
    "gazole_rupture_debut": "2025-11-17T07:33:20+01:00",
    "gazole_rupture_type": "temporaire",
    "carburants_disponibles": null,
    "carburants_indisponibles": null,
    "carburants_rupture_temporaire": "Gazole;E10;SP98",
    "carburants_rupture_definitive": null,
    "horaires_automate_24_24": "Oui",
    "services_service": [
      "Laverie",
      "Relais colis",
      "Boutique alimentaire",
      "Boutique non alimentaire",
      "Restauration à emporter",
      "Restauration sur place",
      "Bar",
      "Vente de fioul domestique",
      "Station de gonflage",
      "Carburant additivé",
      "Location de véhicule",
      "Lavage automatique",
      "Lavage manuel",
      "Vente de gaz domestique (Butane, Propane)",
      "Bornes électriques",
      "Vente d'additifs carburants",
      "Automate CB 24/24",
      "DAB (Distributeur automatique de billets)"
    ],
    "departement": "Nord",
    "code_departement": "59",
    "region": "Hauts-de-France",
    "code_region": "32",
    "horaires_jour": "Automate-24-24, Lundi01.00-01.00, Mardi01.00-01.00, Mercredi01.00-01.00, Jeudi01.00-01.00, Vendredi01.00-01.00, Samedi01.00-01.00, Dimanche01.00-01.00"
  }
]