[
  {
    "id": 79430001,
    "latitude": "4674800",
    "longitude": "-47600",
    "cp": "79430",
    "pop": "R",
    "adresse": "23 ROUTE DE BRESSUIRE",
    "ville": "La Chapelle-Saint-Laurent",
    "services": "{\"service\": [\"Station de gonflage\", \"Carburant additivé\", \"Services réparation / entretien\", \"Vente d'additifs carburants\"]}",
    "prix": "[{\"@nom\": \"Gazole\", \"@id\": \"1\", \"@maj\": \"2026-01-12 13:41:38\", \"@valeur\": \"1.740\"}, {\"@nom\": \"SP95\", \"@id\": \"2\", \"@maj\": \"2026-01-12 13:41:38\", \"@valeur\": \"1.820\"}]",
    "rupture": "[{\"@nom\": \"E85\", \"@id\": \"3\", \"@debut\": \"2009-09-14 09:05:00\", \"@fin\": \"\", \"@type\": \"\"}, {\"@nom\": \"SP98\", \"@id\": \"6\", \"@debut\": \"2014-04-01 08:00:00\", \"@fin\": \"\", \"@type\": \"\"}, {\"@nom\": \"GPLc\", \"@id\": \"4\", \"@debut\": \"2023-01-11 08:41:23\", \"@fin\": \"\", \"@type\": \"definitive\"}, {\"@nom\": \"E10\", \"@id\": \"5\", \"@debut\": \"2023-01-11 08:41:23\", \"@fin\": \"\", \"@type\": \"definitive\"}]",
    "horaires": "{\"@automate-24-24\": \"\", \"jour\": [{\"@id\": \"1\", \"@nom\": \"Lundi\", \"@ferme\": \"\", \"horaire\": [{\"@ouverture\": \"07.45\", \"@fermeture\": \"12.30\"}, {\"@ouverture\": \"13.30\", \"@fermeture\": \"19.00\"}]}, {\"@id\": \"2\", \"@nom\": \"Mardi\", \"@ferme\": \"\", \"horaire\": [{\"@ouverture\": \"07.45\", \"@fermeture\": \"12.30\"}, {\"@ouverture\": \"13.30\", \"@fermeture\": \"19.00\"}]}, {\"@id\": \"3\", \"@nom\": \"Mercredi\", \"@ferme\": \"\", \"horaire\": [{\"@ouverture\": \"07.45\", \"@fermeture\": \"12.30\"}, {\"@ouverture\": \"13.30\", \"@fermeture\": \"19.00\"}]}, {\"@id\": \"4\", \"@nom\": \"Jeudi\", \"@ferme\": \"\", \"horaire\": [{\"@ouverture\": \"07.45\", \"@fermeture\": \"12.30\"}, {\"@ouverture\": \"13.30\", \"@fermeture\": \"19.00\"}]}, {\"@id\": \"5\", \"@nom\": \"Vendredi\", \"@ferme\": \"\", \"horaire\": [{\"@ouverture\": \"07.45\", \"@fermeture\": \"12.30\"}, {\"@ouverture\": \"13.30\", \"@fermeture\": \"19.00\"}]}, {\"@id\": \"6\", \"@nom\": \"Samedi\", \"@ferme\": \"\", \"horaire\": {\"@ouverture\": \"09.00\", \"@fermeture\": \"12.00\"}}, {\"@id\": \"7\", \"@nom\": \"Dimanche\", \"@ferme\": \"1\"}]}",
    "geom": {
      "lon": -0.476,
      "lat": 46.748
    },
    "gazole_maj": "2026-01-12T14:41:38+01:00",
    "gazole_prix": 1.74,
    "sp95_maj": "2026-01-12T14:41:38+01:00",
    "sp95_prix": 1.82,
    "e85_maj": null,
    "e85_prix": null,
    "gplc_maj": null,
    "gplc_prix": null,
    "e10_maj": null,
    "e10_prix": null,
    "sp98_maj": null,
    "sp98_prix": null,
    "e10_rupture_debut": "2023-01-11T09:41:23+01:00",
    "e10_rupture_type": "definitive",
    "sp98_rupture_debut": null,
    "sp98_rupture_type": null,
    "sp95_rupture_debut": null,
    "sp95_rupture_type": null,
    "e85_rupture_debut": null,
    "e85_rupture_type": null,
    "gplc_rupture_debut": "2023-01-11T09:41:23+01:00",
    "gplc_rupture_type": "definitive",
    "gazole_rupture_debut": null,
    "gazole_rupture_type": null,
    "carburants_disponibles": [
      "Gazole",
      "SP95"
    ],
    "carburants_indisponibles": [
      "E85",
      "GPLc",
      "E10",
      "SP98"
    ],
    "carburants_rupture_temporaire": null,
    "carburants_rupture_definitive": "GPLc;E10",
    "horaires_automate_24_24": "Non",
    "services_service": [
      "Station de gonflage",
      "Carburant additivé",
      "Services réparation / entretien",
      "Vente d'additifs carburants"
    ],
    "departement": "Deux-Sèvres",
    "code_departement": "79",
    "region": "Nouvelle-Aquitaine",
    "code_region": "75",
    "horaires_jour": "Lundi 07.45-12.30 et 13.30-19.00, Mardi 07.45-12.30 et 13.30-19.00, Mercredi 07.45-12.30 et 13.30-19.00, Jeudi 07.45-12.30 et 13.30-19.00, Vendredi 07.45-12.30 et 13.30-19.00, Samedi09.00-12.00, Dimanche"
  }
]