[
  {
    "id": 85280002,
    "latitude": "4671100",
    "longitude": "-131600",
    "cp": "85280",
    "pop": "R",
    "adresse": "Rue Nationale",
    "ville": "La Ferrière",
    "services": "{\"service\": [\"Laverie\", \"Relais colis\", \"Boutique alimentaire\", \"Boutique non alimentaire\", \"Restauration à emporter\", \"Carburant additivé\", \"Piste poids lourds\", \"Lavage automatique\", \"Vente de gaz domestique (Butane, Propane)\", \"Vente d'additifs carburants\"]}",
    "prix": "[{\"@nom\": \"Gazole\", \"@id\": \"1\", \"@maj\": \"2025-11-25 06:36:52\", \"@valeur\": \"1.809\"}, {\"@nom\": \"SP95\", \"@id\": \"2\", \"@maj\": \"2025-11-25 06:36:52\", \"@valeur\": \"1.899\"}]",
    "rupture": "[{\"@nom\": \"E85\", \"@id\": \"3\", \"@debut\": \"2017-09-05 06:37:00\", \"@fin\": \"\", \"@type\": \"definitive\"}, {\"@nom\": \"GPLc\", \"@id\": \"4\", \"@debut\": \"2017-09-05 06:37:00\", \"@fin\": \"\", \"@type\": \"definitive\"}, {\"@nom\": \"E10\", \"@id\": \"5\", \"@debut\": \"2017-09-05 06:37:01\", \"@fin\": \"\", \"@type\": \"definitive\"}, {\"@nom\": \"SP98\", \"@id\": \"6\", \"@debut\": \"2017-09-05 06:37:01\", \"@fin\": \"\", \"@type\": \"definitive\"}]",
    "horaires": "{\"@automate-24-24\": \"\", \"jour\": [{\"@id\": \"1\", \"@nom\": \"Lundi\", \"@ferme\": \"\", \"horaire\": [{\"@ouverture\": \"07.00\", \"@fermeture\": \"12.30\"}, {\"@ouverture\": \"15.00\", \"@fermeture\": \"19.00\"}]}, {\"@id\": \"2\", \"@nom\": \"Mardi\", \"@ferme\": \"\", \"horaire\": [{\"@ouverture\": \"07.00\", \"@fermeture\": \"12.30\"}, {\"@ouverture\": \"15.00\", \"@fermeture\": \"19.00\"}]}, {\"@id\": \"3\", \"@nom\": \"Mercredi\", \"@ferme\": \"\", \"horaire\": [{\"@ouverture\": \"07.00\", \"@fermeture\": \"12.30\"}, {\"@ouverture\": \"15.00\", \"@fermeture\": \"19.00\"}]}, {\"@id\": \"4\", \"@nom\": \"Jeudi\", \"@ferme\": \"\", \"horaire\": [{\"@ouverture\": \"07.00\", \"@fermeture\": \"12.30\"}, {\"@ouverture\": \"15.00\", \"@fermeture\": \"19.00\"}]}, {\"@id\": \"5\", \"@nom\": \"Vendredi\", \"@ferme\": \"\", \"horaire\": [{\"@ouverture\": \"07.00\", \"@fermeture\": \"12.30\"}, {\"@ouverture\": \"15.00\", \"@fermeture\": \"19.00\"}]}, {\"@id\": \"6\", \"@nom\": \"Samedi\", \"@ferme\": \"\", \"horaire\": [{\"@ouverture\": \"08.00\", \"@fermeture\": \"12.30\"}, {\"@ouverture\": \"15.00\", \"@fermeture\": \"18.00\"}]}, {\"@id\": \"7\", \"@nom\": \"Dimanche\", \"@ferme\": \"1\"}]}",
    "geom": {
      "lon": -1.316,
      "lat": 46.711
    },
    "gazole_maj": "2025-11-25T07:36:52+01:00",
    "gazole_prix": 1.809,
    "sp95_maj": "2025-11-25T07:36:52+01:00",
    "sp95_prix": 1.899,
    "e85_maj": null,
    "e85_prix": null,
    "gplc_maj": null,
    "gplc_prix": null,
    "e10_maj": null,
    "e10_prix": null,
    "sp98_maj": null,
    "sp98_prix": null,
    "e10_rupture_debut": "2017-09-05T08:37:01+02:00",
    "e10_rupture_type": "definitive",
    "sp98_rupture_debut": "2017-09-05T08:37:01+02:00",
    "sp98_rupture_type": "definitive",
    "sp95_rupture_debut": null,
    "sp95_rupture_type": null,
    "e85_rupture_debut": "2017-09-05T08:37:00+02:00",
    "e85_rupture_type": "definitive",
    "gplc_rupture_debut": "2017-09-05T08:37:00+02:00",
    "gplc_rupture_type": "definitive",
    "gazole_rupture_debut": null,
    "gazole_rupture_type": null,
    "carburants_disponibles": [
      "Gazole",
      "SP95"
    ],
    "carburants_indisponibles": [
      "E85",
      "GPLc",
      "E10",
      "SP98"
    ],
    "carburants_rupture_temporaire": null,
    "carburants_rupture_definitive": "E85;GPLc;E10;SP98",
    "horaires_automate_24_24": "Non",
    "services_service": [
      "Laverie",
      "Relais colis",
      "Boutique alimentaire",
      "Boutique non alimentaire",
      "Restauration à emporter",
      "Carburant additivé",
      "Piste poids lourds",
      "Lavage automatique",
      "Vente de gaz domestique (Butane, Propane)",
      "Vente d'additifs carburants"
    ],
    "departement": "Vendée",
    "code_departement": "85",
    "region": "Pays de la Loire",
    "code_region": "52",
    "horaires_jour": "Lundi 07.00-12.30 et 15.00-19.00, Mardi 07.00-12.30 et 15.00-19.00, Mercredi 07.00-12.30 et 15.00-19.00, Jeudi 07.00-12.30 et 15.00-19.00, Vendredi 07.00-12.30 et 15.00-19.00, Samedi 08.00-12.30 et 15.00-18.00, Dimanche"
  }
]