[
  {
    "id": 7800003,
    "latitude": "4480700",
    "longitude": "479200",
    "cp": "07800",
    "pop": "R",
    "adresse": "ZI JEAN JAURES - 70, RUE LOUIS PASTEUR",
    "ville": "La Voulte-sur-Rhône",
    "services": "{\"service\": [\"Relais colis\", \"Boutique alimentaire\", \"Boutique non alimentaire\", \"Restauration à emporter\", \"Vente de pétrole lampant\", \"Station de gonflage\", \"Aire de camping-cars\", \"Lavage automatique\", \"Lavage manuel\", \"Vente de gaz domestique (Butane, Propane)\", \"Automate CB 24/24\", \"DAB (Distributeur automatique de billets)\"]}",
    "prix": "[{\"@nom\": \"Gazole\", \"@id\": \"1\", \"@maj\": \"2025-12-30 11:33:39\", \"@valeur\": \"1.523\"}, {\"@nom\": \"E10\", \"@id\": \"5\", \"@maj\": \"2025-12-30 11:33:40\", \"@valeur\": \"1.594\"}, {\"@nom\": \"SP98\", \"@id\": \"6\", \"@maj\": \"2025-12-29 09:49:10\", \"@valeur\": \"1.699\"}]",
    "rupture": "[{\"@nom\": \"GPLc\", \"@id\": \"4\", \"@debut\": \"2017-08-31 17:54:45\", \"@fin\": \"\", \"@type\": \"definitive\"}, {\"@nom\": \"E85\", \"@id\": \"3\", \"@debut\": \"2024-05-03 08:44:16\", \"@fin\": \"\", \"@type\": \"definitive\"}, {\"@nom\": \"SP95\", \"@id\": \"2\", \"@debut\": \"2025-04-16 14:03:26\", \"@fin\": \"\", \"@type\": \"definitive\"}]",
    "horaires": "{\"@automate-24-24\": \"1\", \"jour\": [{\"@id\": \"1\", \"@nom\": \"Lundi\", \"@ferme\": \"\"}, {\"@id\": \"2\", \"@nom\": \"Mardi\", \"@ferme\": \"\"}, {\"@id\": \"3\", \"@nom\": \"Mercredi\", \"@ferme\": \"\"}, {\"@id\": \"4\", \"@nom\": \"Jeudi\", \"@ferme\": \"\"}, {\"@id\": \"5\", \"@nom\": \"Vendredi\", \"@ferme\": \"\"}, {\"@id\": \"6\", \"@nom\": \"Samedi\", \"@ferme\": \"\"}, {\"@id\": \"7\", \"@nom\": \"Dimanche\", \"@ferme\": \"\"}]}",
    "geom": {
      "lon": 4.792,
      "lat": 44.807
    },
    "gazole_maj": "2025-12-30T12:33:39+01:00",
    "gazole_prix": 1.523,
    "sp95_maj": null,
    "sp95_prix": null,
    "e85_maj": null,
    "e85_prix": null,
    "gplc_maj": null,
    "gplc_prix": null,
    "e10_maj": "2025-12-30T12:33:40+01:00",
    "e10_prix": 1.594,
    "sp98_maj": "2025-12-29T10:49:10+01:00",
    "sp98_prix": 1.699,
    "e10_rupture_debut": null,
    "e10_rupture_type": null,
    "sp98_rupture_debut": null,
    "sp98_rupture_type": null,
    "sp95_rupture_debut": "2025-04-16T16:03:26+02:00",
    "sp95_rupture_type": "definitive",
    "e85_rupture_debut": "2024-05-03T10:44:16+02:00",
    "e85_rupture_type": "definitive",
    "gplc_rupture_debut": "2017-08-31T19:54:45+02:00",
    "gplc_rupture_type": "definitive",
    "gazole_rupture_debut": null,
    "gazole_rupture_type": null,
    "carburants_disponibles": [
      "Gazole",
      "E10",
      "SP98"
    ],
    "carburants_indisponibles": [
      "SP95",
      "E85",
      "GPLc"
    ],
    "carburants_rupture_temporaire": null,
    "carburants_rupture_definitive": "SP95;E85;GPLc",
    "horaires_automate_24_24": "Oui",
    "services_service": [
      "Relais colis",
      "Boutique alimentaire",
      "Boutique non alimentaire",
      "Restauration à emporter",
      "Vente de pétrole lampant",
      "Station de gonflage",
      "Aire de camping-cars",
      "Lavage automatique",
      "Lavage manuel",
      "Vente de gaz domestique (Butane, Propane)",
      "Automate CB 24/24",
      "DAB (Distributeur automatique de billets)"
    ],
    "departement": "Ardèche",
    "code_departement": "07",
    "region": "Auvergne-Rhône-Alpes",
    "code_region": "84",
    "horaires_jour": "Automate-24-24"
  },
  {
    "id": 7800007,
    "latitude": "4481000",
    "longitude": "478700",
    "cp": "07800",
    "pop": "R",
    "adresse": "9 ALLEE DES CEDRES",
    "ville": "La Voulte-sur-Rhône",
    "services": "{\"service\": \"Automate CB 24/24\"}",
    "prix": "[{\"@nom\": \"Gazole\", \"@id\": \"1\", \"@maj\": \"2026-01-01 10:39:19\", \"@valeur\": \"1.523\"}, {\"@nom\": \"E10\", \"@id\": \"5\", \"@maj\": \"2026-01-01 10:39:19\", \"@valeur\": \"1.594\"}, {\"@nom\": \"SP98\", \"@id\": \"6\", \"@maj\": \"2025-12-29 12:21:28\", \"@valeur\": \"1.699\"}]",
    "rupture": "[{\"@nom\": \"E85\", \"@id\": \"3\", \"@debut\": \"2023-09-01 11:25:05\", \"@fin\": \"\", \"@type\": \"definitive\"}, {\"@nom\": \"GPLc\", \"@id\": \"4\", \"@debut\": \"2023-09-01 11:25:05\", \"@fin\": \"\", \"@type\": \"definitive\"}, {\"@nom\": \"SP95\", \"@id\": \"2\", \"@debut\": \"2024-04-30 16:06:28\", \"@fin\": \"\", \"@type\": \"definitive\"}]",
    "horaires": "{\"@automate-24-24\": \"1\", \"jour\": [{\"@id\": \"1\", \"@nom\": \"Lundi\", \"@ferme\": \"\"}, {\"@id\": \"2\", \"@nom\": \"Mardi\", \"@ferme\": \"\"}, {\"@id\": \"3\", \"@nom\": \"Mercredi\", \"@ferme\": \"\"}, {\"@id\": \"4\", \"@nom\": \"Jeudi\", \"@ferme\": \"\"}, {\"@id\": \"5\", \"@nom\": \"Vendredi\", \"@ferme\": \"\"}, {\"@id\": \"6\", \"@nom\": \"Samedi\", \"@ferme\": \"\"}, {\"@id\": \"7\", \"@nom\": \"Dimanche\", \"@ferme\": \"\"}]}",
    "geom": {
      "lon": 4.787,
      "lat": 44.81
    },
    "gazole_maj": "2026-01-01T11:39:19+01:00",
    "gazole_prix": 1.523,
    "sp95_maj": null,
    "sp95_prix": null,
    "e85_maj": null,
    "e85_prix": null,
    "gplc_maj": null,
    "gplc_prix": null,
    "e10_maj": "2026-01-01T11:39:19+01:00",
    "e10_prix": 1.594,
    "sp98_maj": "2025-12-29T13:21:28+01:00",
    "sp98_prix": 1.699,
    "e10_rupture_debut": null,
    "e10_rupture_type": null,
    "sp98_rupture_debut": null,
    "sp98_rupture_type": null,
    "sp95_rupture_debut": "2024-04-30T18:06:28+02:00",
    "sp95_rupture_type": "definitive",
    "e85_rupture_debut": "2023-09-01T13:25:05+02:00",
    "e85_rupture_type": "definitive",
    "gplc_rupture_debut": "2023-09-01T13:25:05+02:00",
    "gplc_rupture_type": "definitive",
    "gazole_rupture_debut": null,
    "gazole_rupture_type": null,
    "carburants_disponibles": [
      "Gazole",
      "E10",
      "SP98"
    ],
    "carburants_indisponibles": [
      "SP95",
      "E85",
      "GPLc"
    ],
    "carburants_rupture_temporaire": null,
    "carburants_rupture_definitive": "SP95;E85;GPLc",
    "horaires_automate_24_24": "Oui",
    "services_service": [
      "Automate CB 24/24"
    ],
    "departement": "Ardèche",
    "code_departement": "07",
    "region": "Auvergne-Rhône-Alpes",
    "code_region": "84",
    "horaires_jour": "Automate-24-24"
  }
]