[
  {
    "id": 44840002,
    "latitude": "4715900",
    "longitude": "-151300",
    "cp": "44840",
    "pop": "A",
    "adresse": "AUTOROUTE A83 - AIRE DE LA GRASSINIÈRE",
    "ville": "Les Sorinières",
    "services": "{\"service\": [\"Toilettes publiques\", \"Douches\", \"Boutique alimentaire\", \"Boutique non alimentaire\", \"Restauration à emporter\", \"Restauration sur place\", \"Station de gonflage\", \"Carburant additivé\", \"Aire de camping-cars\", \"Piste poids lourds\", \"Lavage automatique\", \"Espace bébé\", \"Bornes électriques\", \"Vente d'additifs carburants\", \"Wifi\", \"Automate CB 24/24\"]}",
    "prix": "[{\"@nom\": \"Gazole\", \"@id\": \"1\", \"@maj\": \"2025-11-04 00:01:00\", \"@valeur\": \"1.702\"}, {\"@nom\": \"E85\", \"@id\": \"3\", \"@maj\": \"2025-11-04 00:01:00\", \"@valeur\": \"0.719\"}, {\"@nom\": \"GPLc\", \"@id\": \"4\", \"@maj\": \"2025-11-04 00:01:00\", \"@valeur\": \"0.974\"}, {\"@nom\": \"E10\", \"@id\": \"5\", \"@maj\": \"2025-11-04 00:01:00\", \"@valeur\": \"1.721\"}, {\"@nom\": \"SP98\", \"@id\": \"6\", \"@maj\": \"2025-11-04 00:01:00\", \"@valeur\": \"1.831\"}]",
    "rupture": "{\"@nom\": \"SP95\", \"@id\": \"2\", \"@debut\": \"2025-10-02 12:33:14\", \"@fin\": \"\", \"@type\": \"definitive\"}",
    "horaires": "{\"@automate-24-24\": \"1\", \"jour\": [{\"@id\": \"1\", \"@nom\": \"Lundi\", \"@ferme\": \"\", \"horaire\": {\"@ouverture\": \"06.00\", \"@fermeture\": \"22.00\"}}, {\"@id\": \"2\", \"@nom\": \"Mardi\", \"@ferme\": \"\", \"horaire\": {\"@ouverture\": \"06.00\", \"@fermeture\": \"22.00\"}}, {\"@id\": \"3\", \"@nom\": \"Mercredi\", \"@ferme\": \"\", \"horaire\": {\"@ouverture\": \"06.00\", \"@fermeture\": \"22.00\"}}, {\"@id\": \"4\", \"@nom\": \"Jeudi\", \"@ferme\": \"\", \"horaire\": {\"@ouverture\": \"06.00\", \"@fermeture\": \"22.00\"}}, {\"@id\": \"5\", \"@nom\": \"Vendredi\", \"@ferme\": \"\", \"horaire\": {\"@ouverture\": \"06.00\", \"@fermeture\": \"22.00\"}}, {\"@id\": \"6\", \"@nom\": \"Samedi\", \"@ferme\": \"\", \"horaire\": {\"@ouverture\": \"06.00\", \"@fermeture\": \"22.00\"}}, {\"@id\": \"7\", \"@nom\": \"Dimanche\", \"@ferme\": \"\", \"horaire\": {\"@ouverture\": \"06.00\", \"@fermeture\": \"22.00\"}}]}",
    "geom": {
      "lon": -1.513,
      "lat": 47.159
    },
    "gazole_maj": "2025-11-04T01:01:00+01:00",
    "gazole_prix": 1.702,
    "sp95_maj": null,
    "sp95_prix": null,
    "e85_maj": "2025-11-04T01:01:00+01:00",
    "e85_prix": 0.719,
    "gplc_maj": "2025-11-04T01:01:00+01:00",
    "gplc_prix": 0.974,
    "e10_maj": "2025-11-04T01:01:00+01:00",
    "e10_prix": 1.721,
    "sp98_maj": "2025-11-04T01:01:00+01:00",
    "sp98_prix": 1.831,
    "e10_rupture_debut": null,
    "e10_rupture_type": null,
    "sp98_rupture_debut": null,
    "sp98_rupture_type": null,
    "sp95_rupture_debut": "2025-10-02T14:33:14+02:00",
    "sp95_rupture_type": "definitive",
    "e85_rupture_debut": null,
    "e85_rupture_type": null,
    "gplc_rupture_debut": null,
    "gplc_rupture_type": null,
    "gazole_rupture_debut": null,
    "gazole_rupture_type": null,
    "carburants_disponibles": [
      "Gazole",
      "E85",
      "GPLc",
      "E10",
      "SP98"
    ],
    "carburants_indisponibles": [
      "SP95"
    ],
    "carburants_rupture_temporaire": null,
    "carburants_rupture_definitive": "SP95",
    "horaires_automate_24_24": "Oui",
    "services_service": [
      "Toilettes publiques",
      "Douches",
      "Boutique alimentaire",
      "Boutique non alimentaire",
      "Restauration à emporter",
      "Restauration sur place",
      "Station de gonflage",
      "Carburant additivé",
      "Aire de camping-cars",
      "Piste poids lourds",
      "Lavage automatique",
      "Espace bébé",
      "Bornes électriques",
      "Vente d'additifs carburants",
      "Wifi",
      "Automate CB 24/24"
    ],
    "departement": "Loire-Atlantique",
    "code_departement": "44",
    "region": "Pays de la Loire",
    "code_region": "52",
    "horaires_jour": "Automate-24-24, Lundi06.00-22.00, Mardi06.00-22.00, Mercredi06.00-22.00, Jeudi06.00-22.00, Vendredi06.00-22.00, Samedi06.00-22.00, Dimanche06.00-22.00"
  }
]