[
  {
    "id": 50270003,
    "latitude": "4940700",
    "longitude": "-178300",
    "cp": "50270",
    "pop": "R",
    "adresse": "5 ZA ROUTE TOURISTIQUE D650",
    "ville": "Les Moitiers-d'Allonne",
    "services": "{\"service\": [\"Boutique non alimentaire\", \"Station de gonflage\", \"Carburant additivé\", \"Lavage manuel\", \"Services réparation / entretien\", \"Vente de gaz domestique (Butane, Propane)\", \"Bornes électriques\", \"Vente d'additifs carburants\", \"Automate CB 24/24\"]}",
    "prix": "[{\"@nom\": \"Gazole\", \"@id\": \"1\", \"@maj\": \"2025-11-20 11:01:39\", \"@valeur\": \"1.793\"}, {\"@nom\": \"SP95\", \"@id\": \"2\", \"@maj\": \"2025-11-20 11:01:39\", \"@valeur\": \"1.887\"}]",
    "rupture": "[{\"@nom\": \"E85\", \"@id\": \"3\", \"@debut\": \"2022-05-17 11:14:25\", \"@fin\": \"\", \"@type\": \"definitive\"}, {\"@nom\": \"GPLc\", \"@id\": \"4\", \"@debut\": \"2022-05-17 11:14:25\", \"@fin\": \"\", \"@type\": \"definitive\"}, {\"@nom\": \"E10\", \"@id\": \"5\", \"@debut\": \"2022-05-17 11:14:25\", \"@fin\": \"\", \"@type\": \"definitive\"}, {\"@nom\": \"SP98\", \"@id\": \"6\", \"@debut\": \"2022-05-17 11:14:25\", \"@fin\": \"\", \"@type\": \"definitive\"}]",
    "horaires": "{\"@automate-24-24\": \"1\", \"jour\": [{\"@id\": \"1\", \"@nom\": \"Lundi\", \"@ferme\": \"\", \"horaire\": [{\"@ouverture\": \"08.00\", \"@fermeture\": \"12.00\"}, {\"@ouverture\": \"14.00\", \"@fermeture\": \"19.00\"}]}, {\"@id\": \"2\", \"@nom\": \"Mardi\", \"@ferme\": \"\", \"horaire\": [{\"@ouverture\": \"08.00\", \"@fermeture\": \"12.00\"}, {\"@ouverture\": \"14.00\", \"@fermeture\": \"19.00\"}]}, {\"@id\": \"3\", \"@nom\": \"Mercredi\", \"@ferme\": \"\", \"horaire\": [{\"@ouverture\": \"08.00\", \"@fermeture\": \"12.00\"}, {\"@ouverture\": \"14.00\", \"@fermeture\": \"19.00\"}]}, {\"@id\": \"4\", \"@nom\": \"Jeudi\", \"@ferme\": \"\", \"horaire\": [{\"@ouverture\": \"08.00\", \"@fermeture\": \"12.00\"}, {\"@ouverture\": \"14.00\", \"@fermeture\": \"19.00\"}]}, {\"@id\": \"5\", \"@nom\": \"Vendredi\", \"@ferme\": \"\", \"horaire\": [{\"@ouverture\": \"08.00\", \"@fermeture\": \"12.00\"}, {\"@ouverture\": \"14.00\", \"@fermeture\": \"19.00\"}]}, {\"@id\": \"6\", \"@nom\": \"Samedi\", \"@ferme\": \"\", \"horaire\": {\"@ouverture\": \"09.00\", \"@fermeture\": \"12.00\"}}, {\"@id\": \"7\", \"@nom\": \"Dimanche\", \"@ferme\": \"1\"}]}",
    "geom": {
      "lon": -1.783,
      "lat": 49.407
    },
    "gazole_maj": "2025-11-20T12:01:39+01:00",
    "gazole_prix": 1.793,
    "sp95_maj": "2025-11-20T12:01:39+01:00",
    "sp95_prix": 1.887,
    "e85_maj": null,
    "e85_prix": null,
    "gplc_maj": null,
    "gplc_prix": null,
    "e10_maj": null,
    "e10_prix": null,
    "sp98_maj": null,
    "sp98_prix": null,
    "e10_rupture_debut": "2022-05-17T13:14:25+02:00",
    "e10_rupture_type": "definitive",
    "sp98_rupture_debut": "2022-05-17T13:14:25+02:00",
    "sp98_rupture_type": "definitive",
    "sp95_rupture_debut": null,
    "sp95_rupture_type": null,
    "e85_rupture_debut": "2022-05-17T13:14:25+02:00",
    "e85_rupture_type": "definitive",
    "gplc_rupture_debut": "2022-05-17T13:14:25+02:00",
    "gplc_rupture_type": "definitive",
    "gazole_rupture_debut": null,
    "gazole_rupture_type": null,
    "carburants_disponibles": [
      "Gazole",
      "SP95"
    ],
    "carburants_indisponibles": [
      "E85",
      "GPLc",
      "E10",
      "SP98"
    ],
    "carburants_rupture_temporaire": null,
    "carburants_rupture_definitive": "E85;GPLc;E10;SP98",
    "horaires_automate_24_24": "Oui",
    "services_service": [
      "Boutique non alimentaire",
      "Station de gonflage",
      "Carburant additivé",
      "Lavage manuel",
      "Services réparation / entretien",
      "Vente de gaz domestique (Butane, Propane)",
      "Bornes électriques",
      "Vente d'additifs carburants",
      "Automate CB 24/24"
    ],
    "departement": "Manche",
    "code_departement": "50",
    "region": "Normandie",
    "code_region": "28",
    "horaires_jour": "Automate-24-24, Lundi 08.00-12.00 et 14.00-19.00, Mardi 08.00-12.00 et 14.00-19.00, Mercredi 08.00-12.00 et 14.00-19.00, Jeudi 08.00-12.00 et 14.00-19.00, Vendredi 08.00-12.00 et 14.00-19.00, Samedi09.00-12.00, Dimanche"
  }
]