[
  {
    "id": 59279006,
    "latitude": "5099534.1251087",
    "longitude": "220443.99878326",
    "cp": "59279",
    "pop": "R",
    "adresse": "1 RUE DE GRAVELINES",
    "ville": "Loon-Plage",
    "services": "{\"service\": [\"Relais colis\", \"Vente de gaz domestique (Butane, Propane)\"]}",
    "prix": "[{\"@nom\": \"Gazole\", \"@id\": \"1\", \"@maj\": \"2026-02-17 12:24:08\", \"@valeur\": \"1.639\"}, {\"@nom\": \"E85\", \"@id\": \"3\", \"@maj\": \"2026-02-17 12:24:08\", \"@valeur\": \"0.839\"}, {\"@nom\": \"E10\", \"@id\": \"5\", \"@maj\": \"2026-02-17 12:24:08\", \"@valeur\": \"1.649\"}, {\"@nom\": \"SP98\", \"@id\": \"6\", \"@maj\": \"2026-02-17 12:24:09\", \"@valeur\": \"1.769\"}]",
    "rupture": "[{\"@nom\": \"SP95\", \"@id\": \"2\", \"@debut\": \"2025-06-03 09:23:44\", \"@fin\": \"\", \"@type\": \"definitive\"}, {\"@nom\": \"GPLc\", \"@id\": \"4\", \"@debut\": \"2025-06-03 09:23:44\", \"@fin\": \"\", \"@type\": \"definitive\"}]",
    "horaires": "{\"@automate-24-24\": \"\", \"jour\": [{\"@id\": \"1\", \"@nom\": \"Lundi\", \"@ferme\": \"\"}, {\"@id\": \"2\", \"@nom\": \"Mardi\", \"@ferme\": \"\"}, {\"@id\": \"3\", \"@nom\": \"Mercredi\", \"@ferme\": \"\"}, {\"@id\": \"4\", \"@nom\": \"Jeudi\", \"@ferme\": \"\"}, {\"@id\": \"5\", \"@nom\": \"Vendredi\", \"@ferme\": \"\"}, {\"@id\": \"6\", \"@nom\": \"Samedi\", \"@ferme\": \"\"}, {\"@id\": \"7\", \"@nom\": \"Dimanche\", \"@ferme\": \"\"}]}",
    "geom": {
      "lon": 2.2044399878326,
      "lat": 50.995341251087005
    },
    "gazole_maj": "2026-02-17T13:24:08+01:00",
    "gazole_prix": 1.639,
    "sp95_maj": null,
    "sp95_prix": null,
    "e85_maj": "2026-02-17T13:24:08+01:00",
    "e85_prix": 0.839,
    "gplc_maj": null,
    "gplc_prix": null,
    "e10_maj": "2026-02-17T13:24:08+01:00",
    "e10_prix": 1.649,
    "sp98_maj": "2026-02-17T13:24:09+01:00",
    "sp98_prix": 1.769,
    "e10_rupture_debut": null,
    "e10_rupture_type": null,
    "sp98_rupture_debut": null,
    "sp98_rupture_type": null,
    "sp95_rupture_debut": "2025-06-03T11:23:44+02:00",
    "sp95_rupture_type": "definitive",
    "e85_rupture_debut": null,
    "e85_rupture_type": null,
    "gplc_rupture_debut": "2025-06-03T11:23:44+02:00",
    "gplc_rupture_type": "definitive",
    "gazole_rupture_debut": null,
    "gazole_rupture_type": null,
    "carburants_disponibles": [
      "Gazole",
      "E85",
      "E10",
      "SP98"
    ],
    "carburants_indisponibles": [
      "SP95",
      "GPLc"
    ],
    "carburants_rupture_temporaire": null,
    "carburants_rupture_definitive": "SP95;GPLc",
    "horaires_automate_24_24": "Non",
    "services_service": [
      "Relais colis",
      "Vente de gaz domestique (Butane, Propane)"
    ],
    "departement": "Nord",
    "code_departement": "59",
    "region": "Hauts-de-France",
    "code_region": "32",
    "horaires_jour": null
  },
  {
    "id": 59279002,
    "latitude": "5100100",
    "longitude": "224400",
    "cp": "59279",
    "pop": "R",
    "adresse": "1476 route nationnale 1",
    "ville": "Loon-Plage",
    "services": "{\"service\": [\"Toilettes publiques\", \"Relais colis\", \"Boutique alimentaire\", \"Boutique non alimentaire\", \"Carburant additivé\", \"Piste poids lourds\", \"Vente de gaz domestique (Butane, Propane)\"]}",
    "prix": "[{\"@nom\": \"Gazole\", \"@id\": \"1\", \"@maj\": \"2026-02-10 06:37:53\", \"@valeur\": \"1.749\"}, {\"@nom\": \"E10\", \"@id\": \"5\", \"@maj\": \"2026-02-10 06:37:53\", \"@valeur\": \"1.749\"}, {\"@nom\": \"SP98\", \"@id\": \"6\", \"@maj\": \"2026-02-10 06:37:53\", \"@valeur\": \"1.889\"}]",
    "rupture": "[{\"@nom\": \"E85\", \"@id\": \"3\", \"@debut\": \"2010-05-25 11:22:00\", \"@fin\": \"\", \"@type\": \"\"}, {\"@nom\": \"GPLc\", \"@id\": \"4\", \"@debut\": \"2010-05-25 11:22:00\", \"@fin\": \"\", \"@type\": \"\"}, {\"@nom\": \"SP95\", \"@id\": \"2\", \"@debut\": \"2022-07-15 09:57:28\", \"@fin\": \"\", \"@type\": \"temporaire\"}]",
    "horaires": "{\"@automate-24-24\": \"\", \"jour\": [{\"@id\": \"1\", \"@nom\": \"Lundi\", \"@ferme\": \"\", \"horaire\": {\"@ouverture\": \"07.00\", \"@fermeture\": \"19.00\"}}, {\"@id\": \"2\", \"@nom\": \"Mardi\", \"@ferme\": \"\", \"horaire\": {\"@ouverture\": \"07.00\", \"@fermeture\": \"19.00\"}}, {\"@id\": \"3\", \"@nom\": \"Mercredi\", \"@ferme\": \"\", \"horaire\": {\"@ouverture\": \"07.00\", \"@fermeture\": \"19.00\"}}, {\"@id\": \"4\", \"@nom\": \"Jeudi\", \"@ferme\": \"\", \"horaire\": {\"@ouverture\": \"07.00\", \"@fermeture\": \"19.00\"}}, {\"@id\": \"5\", \"@nom\": \"Vendredi\", \"@ferme\": \"\", \"horaire\": {\"@ouverture\": \"07.00\", \"@fermeture\": \"19.00\"}}, {\"@id\": \"6\", \"@nom\": \"Samedi\", \"@ferme\": \"\", \"horaire\": {\"@ouverture\": \"07.00\", \"@fermeture\": \"19.00\"}}, {\"@id\": \"7\", \"@nom\": \"Dimanche\", \"@ferme\": \"1\"}]}",
    "geom": {
      "lon": 2.244,
      "lat": 51.001
    },
    "gazole_maj": "2026-02-10T07:37:53+01:00",
    "gazole_prix": 1.749,
    "sp95_maj": null,
    "sp95_prix": null,
    "e85_maj": null,
    "e85_prix": null,
    "gplc_maj": null,
    "gplc_prix": null,
    "e10_maj": "2026-02-10T07:37:53+01:00",
    "e10_prix": 1.749,
    "sp98_maj": "2026-02-10T07:37:53+01:00",
    "sp98_prix": 1.889,
    "e10_rupture_debut": null,
    "e10_rupture_type": null,
    "sp98_rupture_debut": null,
    "sp98_rupture_type": null,
    "sp95_rupture_debut": "2022-07-15T11:57:28+02:00",
    "sp95_rupture_type": "temporaire",
    "e85_rupture_debut": null,
    "e85_rupture_type": null,
    "gplc_rupture_debut": null,
    "gplc_rupture_type": null,
    "gazole_rupture_debut": null,
    "gazole_rupture_type": null,
    "carburants_disponibles": [
      "Gazole",
      "E10",
      "SP98"
    ],
    "carburants_indisponibles": [
      "SP95",
      "E85",
      "GPLc"
    ],
    "carburants_rupture_temporaire": "SP95",
    "carburants_rupture_definitive": null,
    "horaires_automate_24_24": "Non",
    "services_service": [
      "Toilettes publiques",
      "Relais colis",
      "Boutique alimentaire",
      "Boutique non alimentaire",
      "Carburant additivé",
      "Piste poids lourds",
      "Vente de gaz domestique (Butane, Propane)"
    ],
    "departement": "Nord",
    "code_departement": "59",
    "region": "Hauts-de-France",
    "code_region": "32",
    "horaires_jour": "Lundi07.00-19.00, Mardi07.00-19.00, Mercredi07.00-19.00, Jeudi07.00-19.00, Vendredi07.00-19.00, Samedi07.00-19.00, Dimanche"
  }
]