[
  {
    "id": 49310001,
    "latitude": "4714700",
    "longitude": "-52200",
    "cp": "49310",
    "pop": "R",
    "adresse": "centre commercial les courtils",
    "ville": "Lys-Haut-Layon",
    "services": "{\"service\": [\"Toilettes publiques\", \"Relais colis\", \"Restauration à emporter\", \"Restauration sur place\", \"Bar\", \"Station de gonflage\", \"Location de véhicule\", \"Piste poids lourds\", \"Lavage automatique\", \"Vente de gaz domestique (Butane, Propane)\", \"Bornes électriques\", \"Vente d'additifs carburants\", \"Automate CB 24/24\", \"DAB (Distributeur automatique de billets)\"]}",
    "prix": "[{\"@nom\": \"Gazole\", \"@id\": \"1\", \"@maj\": \"2026-02-21 19:48:53\", \"@valeur\": \"1.619\"}, {\"@nom\": \"SP95\", \"@id\": \"2\", \"@maj\": \"2026-02-21 19:48:53\", \"@valeur\": \"1.699\"}, {\"@nom\": \"E85\", \"@id\": \"3\", \"@maj\": \"2026-01-19 08:40:51\", \"@valeur\": \"0.729\"}, {\"@nom\": \"E10\", \"@id\": \"5\", \"@maj\": \"2026-02-21 19:48:53\", \"@valeur\": \"1.629\"}, {\"@nom\": \"SP98\", \"@id\": \"6\", \"@maj\": \"2026-02-21 19:48:53\", \"@valeur\": \"1.729\"}]",
    "rupture": "{\"@nom\": \"GPLc\", \"@id\": \"4\", \"@debut\": \"2017-08-31 08:10:58\", \"@fin\": \"\", \"@type\": \"definitive\"}",
    "horaires": "{\"@automate-24-24\": \"1\", \"jour\": [{\"@id\": \"1\", \"@nom\": \"Lundi\", \"@ferme\": \"\", \"horaire\": {\"@ouverture\": \"08.30\", \"@fermeture\": \"12.30\"}}, {\"@id\": \"2\", \"@nom\": \"Mardi\", \"@ferme\": \"\", \"horaire\": {\"@ouverture\": \"08.30\", \"@fermeture\": \"12.30\"}}, {\"@id\": \"3\", \"@nom\": \"Mercredi\", \"@ferme\": \"\", \"horaire\": {\"@ouverture\": \"08.30\", \"@fermeture\": \"12.30\"}}, {\"@id\": \"4\", \"@nom\": \"Jeudi\", \"@ferme\": \"\", \"horaire\": {\"@ouverture\": \"08.30\", \"@fermeture\": \"12.30\"}}, {\"@id\": \"5\", \"@nom\": \"Vendredi\", \"@ferme\": \"\", \"horaire\": [{\"@ouverture\": \"08.30\", \"@fermeture\": \"12.30\"}, {\"@ouverture\": \"15.00\", \"@fermeture\": \"19.00\"}]}, {\"@id\": \"6\", \"@nom\": \"Samedi\", \"@ferme\": \"\", \"horaire\": [{\"@ouverture\": \"08.30\", \"@fermeture\": \"12.30\"}, {\"@ouverture\": \"15.00\", \"@fermeture\": \"19.00\"}]}, {\"@id\": \"7\", \"@nom\": \"Dimanche\", \"@ferme\": \"\"}]}",
    "geom": {
      "lon": -0.522,
      "lat": 47.147
    },
    "gazole_maj": "2026-02-21T20:48:53+01:00",
    "gazole_prix": 1.619,
    "sp95_maj": "2026-02-21T20:48:53+01:00",
    "sp95_prix": 1.699,
    "e85_maj": "2026-01-19T09:40:51+01:00",
    "e85_prix": 0.729,
    "gplc_maj": null,
    "gplc_prix": null,
    "e10_maj": "2026-02-21T20:48:53+01:00",
    "e10_prix": 1.629,
    "sp98_maj": "2026-02-21T20:48:53+01:00",
    "sp98_prix": 1.729,
    "e10_rupture_debut": null,
    "e10_rupture_type": null,
    "sp98_rupture_debut": null,
    "sp98_rupture_type": null,
    "sp95_rupture_debut": null,
    "sp95_rupture_type": null,
    "e85_rupture_debut": null,
    "e85_rupture_type": null,
    "gplc_rupture_debut": "2017-08-31T10:10:58+02:00",
    "gplc_rupture_type": "definitive",
    "gazole_rupture_debut": null,
    "gazole_rupture_type": null,
    "carburants_disponibles": [
      "Gazole",
      "SP95",
      "E85",
      "E10",
      "SP98"
    ],
    "carburants_indisponibles": [
      "GPLc"
    ],
    "carburants_rupture_temporaire": null,
    "carburants_rupture_definitive": "GPLc",
    "horaires_automate_24_24": "Oui",
    "services_service": [
      "Toilettes publiques",
      "Relais colis",
      "Restauration à emporter",
      "Restauration sur place",
      "Bar",
      "Station de gonflage",
      "Location de véhicule",
      "Piste poids lourds",
      "Lavage automatique",
      "Vente de gaz domestique (Butane, Propane)",
      "Bornes électriques",
      "Vente d'additifs carburants",
      "Automate CB 24/24",
      "DAB (Distributeur automatique de billets)"
    ],
    "departement": "Maine-et-Loire",
    "code_departement": "49",
    "region": "Pays de la Loire",
    "code_region": "52",
    "horaires_jour": "Automate-24-24, Lundi08.30-12.30, Mardi08.30-12.30, Mercredi08.30-12.30, Jeudi08.30-12.30, Vendredi 08.30-12.30 et 15.00-19.00, Samedi 08.30-12.30 et 15.00-19.00, Dimanche"
  }
]