[
  {
    "id": 94700008,
    "latitude": "4880623",
    "longitude": "243809",
    "cp": "94700",
    "pop": "R",
    "adresse": "135 AV DU GENERAL LECLERC",
    "ville": "Maisons-Alfort",
    "services": "{\"service\": [\"Boutique alimentaire\", \"Carburant additivé\", \"Vente de gaz domestique (Butane, Propane)\"]}",
    "prix": "[{\"@nom\": \"Gazole\", \"@id\": \"1\", \"@maj\": \"2026-02-18 00:01:00\", \"@valeur\": \"1.809\"}, {\"@nom\": \"E85\", \"@id\": \"3\", \"@maj\": \"2026-02-18 00:01:00\", \"@valeur\": \"0.819\"}, {\"@nom\": \"E10\", \"@id\": \"5\", \"@maj\": \"2026-02-18 00:01:00\", \"@valeur\": \"1.815\"}, {\"@nom\": \"SP98\", \"@id\": \"6\", \"@maj\": \"2026-02-18 00:01:00\", \"@valeur\": \"1.925\"}]",
    "rupture": "[{\"@nom\": \"SP95\", \"@id\": \"2\", \"@debut\": \"2023-04-25 14:46:32\", \"@fin\": \"\", \"@type\": \"definitive\"}, {\"@nom\": \"GPLc\", \"@id\": \"4\", \"@debut\": \"2023-04-25 14:46:32\", \"@fin\": \"\", \"@type\": \"definitive\"}]",
    "horaires": "{\"@automate-24-24\": \"\", \"jour\": [{\"@id\": \"1\", \"@nom\": \"Lundi\", \"@ferme\": \"\"}, {\"@id\": \"2\", \"@nom\": \"Mardi\", \"@ferme\": \"\"}, {\"@id\": \"3\", \"@nom\": \"Mercredi\", \"@ferme\": \"\"}, {\"@id\": \"4\", \"@nom\": \"Jeudi\", \"@ferme\": \"\"}, {\"@id\": \"5\", \"@nom\": \"Vendredi\", \"@ferme\": \"\"}, {\"@id\": \"6\", \"@nom\": \"Samedi\", \"@ferme\": \"\"}, {\"@id\": \"7\", \"@nom\": \"Dimanche\", \"@ferme\": \"\"}]}",
    "geom": {
      "lon": 2.43809,
      "lat": 48.80623
    },
    "gazole_maj": "2026-02-18T01:01:00+01:00",
    "gazole_prix": 1.809,
    "sp95_maj": null,
    "sp95_prix": null,
    "e85_maj": "2026-02-18T01:01:00+01:00",
    "e85_prix": 0.819,
    "gplc_maj": null,
    "gplc_prix": null,
    "e10_maj": "2026-02-18T01:01:00+01:00",
    "e10_prix": 1.815,
    "sp98_maj": "2026-02-18T01:01:00+01:00",
    "sp98_prix": 1.925,
    "e10_rupture_debut": null,
    "e10_rupture_type": null,
    "sp98_rupture_debut": null,
    "sp98_rupture_type": null,
    "sp95_rupture_debut": "2023-04-25T16:46:32+02:00",
    "sp95_rupture_type": "definitive",
    "e85_rupture_debut": null,
    "e85_rupture_type": null,
    "gplc_rupture_debut": "2023-04-25T16:46:32+02:00",
    "gplc_rupture_type": "definitive",
    "gazole_rupture_debut": null,
    "gazole_rupture_type": null,
    "carburants_disponibles": [
      "Gazole",
      "E85",
      "E10",
      "SP98"
    ],
    "carburants_indisponibles": [
      "SP95",
      "GPLc"
    ],
    "carburants_rupture_temporaire": null,
    "carburants_rupture_definitive": "SP95;GPLc",
    "horaires_automate_24_24": "Non",
    "services_service": [
      "Boutique alimentaire",
      "Carburant additivé",
      "Vente de gaz domestique (Butane, Propane)"
    ],
    "departement": "Val-de-Marne",
    "code_departement": "94",
    "region": "Île-de-France",
    "code_region": "11",
    "horaires_jour": null
  },
  {
    "id": 94700005,
    "latitude": "4880200",
    "longitude": "243600",
    "cp": "94700",
    "pop": "R",
    "adresse": "5 Avenue Léon Blum",
    "ville": "Maisons-Alfort",
    "services": null,
    "prix": "[{\"@nom\": \"Gazole\", \"@id\": \"1\", \"@maj\": \"2026-02-17 06:51:00\", \"@valeur\": \"1.688\"}, {\"@nom\": \"E10\", \"@id\": \"5\", \"@maj\": \"2026-02-17 06:51:00\", \"@valeur\": \"1.713\"}, {\"@nom\": \"SP98\", \"@id\": \"6\", \"@maj\": \"2026-02-17 06:51:00\", \"@valeur\": \"1.798\"}]",
    "rupture": "{\"@nom\": \"SP95\", \"@id\": \"2\", \"@debut\": \"2009-11-17 09:30:00\", \"@fin\": \"\", \"@type\": \"\"}",
    "horaires": "{\"@automate-24-24\": \"\", \"jour\": [{\"@id\": \"1\", \"@nom\": \"Lundi\", \"@ferme\": \"\"}, {\"@id\": \"2\", \"@nom\": \"Mardi\", \"@ferme\": \"\"}, {\"@id\": \"3\", \"@nom\": \"Mercredi\", \"@ferme\": \"\"}, {\"@id\": \"4\", \"@nom\": \"Jeudi\", \"@ferme\": \"\"}, {\"@id\": \"5\", \"@nom\": \"Vendredi\", \"@ferme\": \"\"}, {\"@id\": \"6\", \"@nom\": \"Samedi\", \"@ferme\": \"\"}, {\"@id\": \"7\", \"@nom\": \"Dimanche\", \"@ferme\": \"\"}]}",
    "geom": {
      "lon": 2.436,
      "lat": 48.802
    },
    "gazole_maj": "2026-02-17T07:51:00+01:00",
    "gazole_prix": 1.688,
    "sp95_maj": null,
    "sp95_prix": null,
    "e85_maj": null,
    "e85_prix": null,
    "gplc_maj": null,
    "gplc_prix": null,
    "e10_maj": "2026-02-17T07:51:00+01:00",
    "e10_prix": 1.713,
    "sp98_maj": "2026-02-17T07:51:00+01:00",
    "sp98_prix": 1.798,
    "e10_rupture_debut": null,
    "e10_rupture_type": null,
    "sp98_rupture_debut": null,
    "sp98_rupture_type": null,
    "sp95_rupture_debut": null,
    "sp95_rupture_type": null,
    "e85_rupture_debut": null,
    "e85_rupture_type": null,
    "gplc_rupture_debut": null,
    "gplc_rupture_type": null,
    "gazole_rupture_debut": null,
    "gazole_rupture_type": null,
    "carburants_disponibles": [
      "Gazole",
      "E10",
      "SP98"
    ],
    "carburants_indisponibles": [
      "SP95",
      "E85",
      "GPLc"
    ],
    "carburants_rupture_temporaire": null,
    "carburants_rupture_definitive": null,
    "horaires_automate_24_24": "Non",
    "services_service": null,
    "departement": "Val-de-Marne",
    "code_departement": "94",
    "region": "Île-de-France",
    "code_region": "11",
    "horaires_jour": null
  },
  {
    "id": 94700007,
    "latitude": "4880694.77421",
    "longitude": "243827.166369",
    "cp": "94700",
    "pop": "R",
    "adresse": "99 AVENUE DU GL LECLERC",
    "ville": "Maisons-Alfort",
    "services": "{\"service\": [\"Boutique alimentaire\", \"Station de gonflage\", \"Carburant additivé\", \"Lavage automatique\", \"Lavage manuel\", \"Vente de gaz domestique (Butane, Propane)\"]}",
    "prix": "[{\"@nom\": \"Gazole\", \"@id\": \"1\", \"@maj\": \"2026-02-07 06:30:00\", \"@valeur\": \"1.819\"}, {\"@nom\": \"E85\", \"@id\": \"3\", \"@maj\": \"2026-01-20 06:30:00\", \"@valeur\": \"0.809\"}, {\"@nom\": \"E10\", \"@id\": \"5\", \"@maj\": \"2026-01-20 06:30:00\", \"@valeur\": \"1.799\"}, {\"@nom\": \"SP98\", \"@id\": \"6\", \"@maj\": \"2026-01-20 06:30:00\", \"@valeur\": \"1.909\"}]",
    "rupture": "[{\"@nom\": \"SP95\", \"@id\": \"2\", \"@debut\": \"2018-01-10 21:21:43\", \"@fin\": \"\", \"@type\": \"definitive\"}, {\"@nom\": \"GPLc\", \"@id\": \"4\", \"@debut\": \"2022-03-07 09:27:33\", \"@fin\": \"\", \"@type\": \"definitive\"}]",
    "horaires": "{\"@automate-24-24\": \"\", \"jour\": [{\"@id\": \"1\", \"@nom\": \"Lundi\", \"@ferme\": \"\"}, {\"@id\": \"2\", \"@nom\": \"Mardi\", \"@ferme\": \"\"}, {\"@id\": \"3\", \"@nom\": \"Mercredi\", \"@ferme\": \"\"}, {\"@id\": \"4\", \"@nom\": \"Jeudi\", \"@ferme\": \"\"}, {\"@id\": \"5\", \"@nom\": \"Vendredi\", \"@ferme\": \"\"}, {\"@id\": \"6\", \"@nom\": \"Samedi\", \"@ferme\": \"\"}, {\"@id\": \"7\", \"@nom\": \"Dimanche\", \"@ferme\": \"\"}]}",
    "geom": {
      "lon": 2.43827166369,
      "lat": 48.80694774210001
    },
    "gazole_maj": "2026-02-07T07:30:00+01:00",
    "gazole_prix": 1.819,
    "sp95_maj": null,
    "sp95_prix": null,
    "e85_maj": "2026-01-20T07:30:00+01:00",
    "e85_prix": 0.809,
    "gplc_maj": null,
    "gplc_prix": null,
    "e10_maj": "2026-01-20T07:30:00+01:00",
    "e10_prix": 1.799,
    "sp98_maj": "2026-01-20T07:30:00+01:00",
    "sp98_prix": 1.909,
    "e10_rupture_debut": null,
    "e10_rupture_type": null,
    "sp98_rupture_debut": null,
    "sp98_rupture_type": null,
    "sp95_rupture_debut": "2018-01-10T22:21:43+01:00",
    "sp95_rupture_type": "definitive",
    "e85_rupture_debut": null,
    "e85_rupture_type": null,
    "gplc_rupture_debut": "2022-03-07T10:27:33+01:00",
    "gplc_rupture_type": "definitive",
    "gazole_rupture_debut": null,
    "gazole_rupture_type": null,
    "carburants_disponibles": [
      "Gazole",
      "E85",
      "E10",
      "SP98"
    ],
    "carburants_indisponibles": [
      "SP95",
      "GPLc"
    ],
    "carburants_rupture_temporaire": null,
    "carburants_rupture_definitive": "SP95;GPLc",
    "horaires_automate_24_24": "Non",
    "services_service": [
      "Boutique alimentaire",
      "Station de gonflage",
      "Carburant additivé",
      "Lavage automatique",
      "Lavage manuel",
      "Vente de gaz domestique (Butane, Propane)"
    ],
    "departement": "Val-de-Marne",
    "code_departement": "94",
    "region": "Île-de-France",
    "code_region": "11",
    "horaires_jour": null
  }
]