[
  {
    "id": 62161001,
    "latitude": "5032800",
    "longitude": 271300,
    "cp": "62161",
    "pop": "R",
    "adresse": "Rue de Neuville",
    "ville": "Marœuil",
    "horaires": "{\"@automate-24-24\": \"1\", \"jour\": [{\"@id\": \"1\", \"@nom\": \"Lundi\", \"@ferme\": \"\"}, {\"@id\": \"2\", \"@nom\": \"Mardi\", \"@ferme\": \"\"}, {\"@id\": \"3\", \"@nom\": \"Mercredi\", \"@ferme\": \"\"}, {\"@id\": \"4\", \"@nom\": \"Jeudi\", \"@ferme\": \"\"}, {\"@id\": \"5\", \"@nom\": \"Vendredi\", \"@ferme\": \"\"}, {\"@id\": \"6\", \"@nom\": \"Samedi\", \"@ferme\": \"\"}, {\"@id\": \"7\", \"@nom\": \"Dimanche\", \"@ferme\": \"\"}]}",
    "services": "{\"service\": [\"Laverie\", \"Boutique alimentaire\", \"Station de gonflage\", \"Piste poids lourds\", \"Lavage manuel\", \"Vente de gaz domestique (Butane, Propane)\", \"Automate CB 24/24\"]}",
    "prix": "[{\"@nom\": \"Gazole\", \"@id\": \"1\", \"@maj\": \"2024-01-25 16:55:02\", \"@valeur\": \"1.759\"}, {\"@nom\": \"SP95\", \"@id\": \"2\", \"@maj\": \"2024-01-25 16:55:03\", \"@valeur\": \"1.809\"}, {\"@nom\": \"SP98\", \"@id\": \"6\", \"@maj\": \"2024-01-25 16:55:03\", \"@valeur\": \"1.879\"}]",
    "geom": {
      "lon": 2.713,
      "lat": 50.328
    },
    "gazole_maj": "2024-01-25T17:55:02+01:00",
    "gazole_prix": "1.759",
    "sp95_maj": "2024-01-25T17:55:03+01:00",
    "sp95_prix": "1.809",
    "e85_maj": null,
    "e85_prix": null,
    "gplc_maj": null,
    "gplc_prix": null,
    "e10_maj": null,
    "e10_prix": null,
    "sp98_maj": "2024-01-25T17:55:03+01:00",
    "sp98_prix": "1.879",
    "carburants_disponibles": [
      "Gazole",
      "SP95",
      "SP98"
    ],
    "carburants_indisponibles": [
      "E85",
      "GPLc",
      "E10"
    ],
    "horaires_automate_24_24": "Oui",
    "services_service": [
      "Laverie",
      "Boutique alimentaire",
      "Station de gonflage",
      "Piste poids lourds",
      "Lavage manuel",
      "Vente de gaz domestique (Butane, Propane)",
      "Automate CB 24/24"
    ],
    "departement": "Pas-de-Calais",
    "code_departement": "62",
    "region": "Hauts-de-France",
    "code_region": "32"
  }
]