[
  {
    "id": 79310001,
    "latitude": "4654600",
    "longitude": "-31400",
    "cp": "79310",
    "pop": "R",
    "adresse": "ECHANGEUR NORD",
    "ville": "Mazières-en-Gâtine",
    "services": "{\"service\": [\"Toilettes publiques\", \"Boutique alimentaire\", \"Boutique non alimentaire\", \"Restauration à emporter\", \"Station de gonflage\", \"Carburant additivé\", \"Piste poids lourds\", \"Lavage manuel\", \"Espace bébé\", \"Services réparation / entretien\", \"Vente de gaz domestique (Butane, Propane)\", \"Vente d'additifs carburants\", \"Automate CB 24/24\"]}",
    "prix": "[{\"@nom\": \"Gazole\", \"@id\": \"1\", \"@maj\": \"2025-11-26 07:00:00\", \"@valeur\": \"1.739\"}, {\"@nom\": \"E10\", \"@id\": \"5\", \"@maj\": \"2025-11-26 07:00:00\", \"@valeur\": \"1.733\"}, {\"@nom\": \"SP98\", \"@id\": \"6\", \"@maj\": \"2025-11-26 07:00:00\", \"@valeur\": \"1.843\"}]",
    "rupture": "[{\"@nom\": \"SP95\", \"@id\": \"2\", \"@debut\": \"2011-03-01 08:00:00\", \"@fin\": \"\", \"@type\": \"\"}, {\"@nom\": \"SP95\", \"@id\": \"2\", \"@debut\": \"2017-09-01 19:58:33\", \"@fin\": \"\", \"@type\": \"definitive\"}, {\"@nom\": \"E85\", \"@id\": \"3\", \"@debut\": \"2017-09-01 19:58:33\", \"@fin\": \"\", \"@type\": \"definitive\"}, {\"@nom\": \"GPLc\", \"@id\": \"4\", \"@debut\": \"2017-09-01 19:58:33\", \"@fin\": \"\", \"@type\": \"definitive\"}]",
    "horaires": "{\"@automate-24-24\": \"1\", \"jour\": [{\"@id\": \"1\", \"@nom\": \"Lundi\", \"@ferme\": \"\", \"horaire\": {\"@ouverture\": \"07.00\", \"@fermeture\": \"19.00\"}}, {\"@id\": \"2\", \"@nom\": \"Mardi\", \"@ferme\": \"\", \"horaire\": {\"@ouverture\": \"07.00\", \"@fermeture\": \"19.00\"}}, {\"@id\": \"3\", \"@nom\": \"Mercredi\", \"@ferme\": \"\", \"horaire\": {\"@ouverture\": \"07.00\", \"@fermeture\": \"19.00\"}}, {\"@id\": \"4\", \"@nom\": \"Jeudi\", \"@ferme\": \"\", \"horaire\": {\"@ouverture\": \"07.00\", \"@fermeture\": \"19.00\"}}, {\"@id\": \"5\", \"@nom\": \"Vendredi\", \"@ferme\": \"\", \"horaire\": {\"@ouverture\": \"07.00\", \"@fermeture\": \"19.00\"}}, {\"@id\": \"6\", \"@nom\": \"Samedi\", \"@ferme\": \"\", \"horaire\": {\"@ouverture\": \"08.00\", \"@fermeture\": \"18.00\"}}, {\"@id\": \"7\", \"@nom\": \"Dimanche\", \"@ferme\": \"1\"}]}",
    "geom": {
      "lon": -0.314,
      "lat": 46.546
    },
    "gazole_maj": "2025-11-26T08:00:00+01:00",
    "gazole_prix": 1.739,
    "sp95_maj": null,
    "sp95_prix": null,
    "e85_maj": null,
    "e85_prix": null,
    "gplc_maj": null,
    "gplc_prix": null,
    "e10_maj": "2025-11-26T08:00:00+01:00",
    "e10_prix": 1.733,
    "sp98_maj": "2025-11-26T08:00:00+01:00",
    "sp98_prix": 1.843,
    "e10_rupture_debut": null,
    "e10_rupture_type": null,
    "sp98_rupture_debut": null,
    "sp98_rupture_type": null,
    "sp95_rupture_debut": "2017-09-01T21:58:33+02:00",
    "sp95_rupture_type": "definitive",
    "e85_rupture_debut": "2017-09-01T21:58:33+02:00",
    "e85_rupture_type": "definitive",
    "gplc_rupture_debut": "2017-09-01T21:58:33+02:00",
    "gplc_rupture_type": "definitive",
    "gazole_rupture_debut": null,
    "gazole_rupture_type": null,
    "carburants_disponibles": [
      "Gazole",
      "E10",
      "SP98"
    ],
    "carburants_indisponibles": [
      "SP95",
      "E85",
      "GPLc"
    ],
    "carburants_rupture_temporaire": null,
    "carburants_rupture_definitive": "SP95;E85;GPLc",
    "horaires_automate_24_24": "Oui",
    "services_service": [
      "Toilettes publiques",
      "Boutique alimentaire",
      "Boutique non alimentaire",
      "Restauration à emporter",
      "Station de gonflage",
      "Carburant additivé",
      "Piste poids lourds",
      "Lavage manuel",
      "Espace bébé",
      "Services réparation / entretien",
      "Vente de gaz domestique (Butane, Propane)",
      "Vente d'additifs carburants",
      "Automate CB 24/24"
    ],
    "departement": "Deux-Sèvres",
    "code_departement": "79",
    "region": "Nouvelle-Aquitaine",
    "code_region": "75",
    "horaires_jour": "Automate-24-24, Lundi07.00-19.00, Mardi07.00-19.00, Mercredi07.00-19.00, Jeudi07.00-19.00, Vendredi07.00-19.00, Samedi08.00-18.00, Dimanche"
  }
]