[
  {
    "id": 38510005,
    "latitude": "4567200",
    "longitude": "548500",
    "cp": "38510",
    "pop": "R",
    "adresse": "1080 Rue Paul Claudel",
    "ville": "Morestel",
    "services": "{\"service\": [\"Piste poids lourds\", \"Vente de gaz domestique (Butane, Propane)\", \"Automate CB 24/24\"]}",
    "prix": "[{\"@nom\": \"Gazole\", \"@id\": \"1\", \"@maj\": \"2026-01-13 19:14:17\", \"@valeur\": \"1.598\"}, {\"@nom\": \"E85\", \"@id\": \"3\", \"@maj\": \"2026-01-11 12:15:17\", \"@valeur\": \"0.754\"}, {\"@nom\": \"GPLc\", \"@id\": \"4\", \"@maj\": \"2025-07-19 10:01:36\", \"@valeur\": \"0.899\"}, {\"@nom\": \"E10\", \"@id\": \"5\", \"@maj\": \"2026-01-13 19:14:17\", \"@valeur\": \"1.658\"}, {\"@nom\": \"SP98\", \"@id\": \"6\", \"@maj\": \"2026-01-13 19:14:17\", \"@valeur\": \"1.765\"}]",
    "rupture": "{\"@nom\": \"SP95\", \"@id\": \"2\", \"@debut\": \"2024-06-19 14:49:35\", \"@fin\": \"\", \"@type\": \"definitive\"}",
    "horaires": "{\"@automate-24-24\": \"1\", \"jour\": [{\"@id\": \"1\", \"@nom\": \"Lundi\", \"@ferme\": \"\"}, {\"@id\": \"2\", \"@nom\": \"Mardi\", \"@ferme\": \"\"}, {\"@id\": \"3\", \"@nom\": \"Mercredi\", \"@ferme\": \"\"}, {\"@id\": \"4\", \"@nom\": \"Jeudi\", \"@ferme\": \"\"}, {\"@id\": \"5\", \"@nom\": \"Vendredi\", \"@ferme\": \"\"}, {\"@id\": \"6\", \"@nom\": \"Samedi\", \"@ferme\": \"\"}, {\"@id\": \"7\", \"@nom\": \"Dimanche\", \"@ferme\": \"\"}]}",
    "geom": {
      "lon": 5.485,
      "lat": 45.672
    },
    "gazole_maj": "2026-01-13T20:14:17+01:00",
    "gazole_prix": 1.598,
    "sp95_maj": null,
    "sp95_prix": null,
    "e85_maj": "2026-01-11T13:15:17+01:00",
    "e85_prix": 0.754,
    "gplc_maj": "2025-07-19T12:01:36+02:00",
    "gplc_prix": 0.899,
    "e10_maj": "2026-01-13T20:14:17+01:00",
    "e10_prix": 1.658,
    "sp98_maj": "2026-01-13T20:14:17+01:00",
    "sp98_prix": 1.765,
    "e10_rupture_debut": null,
    "e10_rupture_type": null,
    "sp98_rupture_debut": null,
    "sp98_rupture_type": null,
    "sp95_rupture_debut": "2024-06-19T16:49:35+02:00",
    "sp95_rupture_type": "definitive",
    "e85_rupture_debut": null,
    "e85_rupture_type": null,
    "gplc_rupture_debut": null,
    "gplc_rupture_type": null,
    "gazole_rupture_debut": null,
    "gazole_rupture_type": null,
    "carburants_disponibles": [
      "Gazole",
      "E85",
      "GPLc",
      "E10",
      "SP98"
    ],
    "carburants_indisponibles": [
      "SP95"
    ],
    "carburants_rupture_temporaire": null,
    "carburants_rupture_definitive": "SP95",
    "horaires_automate_24_24": "Oui",
    "services_service": [
      "Piste poids lourds",
      "Vente de gaz domestique (Butane, Propane)",
      "Automate CB 24/24"
    ],
    "departement": "Isère",
    "code_departement": "38",
    "region": "Auvergne-Rhône-Alpes",
    "code_region": "84",
    "horaires_jour": "Automate-24-24"
  },
  {
    "id": 38510004,
    "latitude": "4567300",
    "longitude": "547100",
    "cp": "38510",
    "pop": "R",
    "adresse": "166 ROUTE D'ARGENT",
    "ville": "Morestel",
    "services": "{\"service\": \"Automate CB 24/24\"}",
    "prix": "[{\"@nom\": \"Gazole\", \"@id\": \"1\", \"@maj\": \"2025-12-05 08:02:56\", \"@valeur\": \"1.700\"}, {\"@nom\": \"SP95\", \"@id\": \"2\", \"@maj\": \"2025-12-05 08:02:56\", \"@valeur\": \"1.830\"}, {\"@nom\": \"SP98\", \"@id\": \"6\", \"@maj\": \"2025-12-05 08:02:56\", \"@valeur\": \"1.880\"}]",
    "rupture": "[{\"@nom\": \"E85\", \"@id\": \"3\", \"@debut\": \"2022-11-25 09:31:31\", \"@fin\": \"\", \"@type\": \"definitive\"}, {\"@nom\": \"GPLc\", \"@id\": \"4\", \"@debut\": \"2022-11-25 09:31:31\", \"@fin\": \"\", \"@type\": \"definitive\"}, {\"@nom\": \"E10\", \"@id\": \"5\", \"@debut\": \"2022-11-25 09:31:31\", \"@fin\": \"\", \"@type\": \"definitive\"}]",
    "horaires": "{\"@automate-24-24\": \"1\", \"jour\": [{\"@id\": \"1\", \"@nom\": \"Lundi\", \"@ferme\": \"\", \"horaire\": [{\"@ouverture\": \"08.00\", \"@fermeture\": \"12.00\"}, {\"@ouverture\": \"14.00\", \"@fermeture\": \"17.00\"}]}, {\"@id\": \"2\", \"@nom\": \"Mardi\", \"@ferme\": \"\", \"horaire\": [{\"@ouverture\": \"08.00\", \"@fermeture\": \"12.00\"}, {\"@ouverture\": \"14.00\", \"@fermeture\": \"17.00\"}]}, {\"@id\": \"3\", \"@nom\": \"Mercredi\", \"@ferme\": \"\", \"horaire\": [{\"@ouverture\": \"08.00\", \"@fermeture\": \"12.00\"}, {\"@ouverture\": \"14.00\", \"@fermeture\": \"17.00\"}]}, {\"@id\": \"4\", \"@nom\": \"Jeudi\", \"@ferme\": \"\", \"horaire\": [{\"@ouverture\": \"08.00\", \"@fermeture\": \"12.00\"}, {\"@ouverture\": \"14.00\", \"@fermeture\": \"17.00\"}]}, {\"@id\": \"5\", \"@nom\": \"Vendredi\", \"@ferme\": \"\", \"horaire\": [{\"@ouverture\": \"08.00\", \"@fermeture\": \"12.00\"}, {\"@ouverture\": \"14.00\", \"@fermeture\": \"17.00\"}]}, {\"@id\": \"6\", \"@nom\": \"Samedi\", \"@ferme\": \"1\"}, {\"@id\": \"7\", \"@nom\": \"Dimanche\", \"@ferme\": \"1\"}]}",
    "geom": {
      "lon": 5.471,
      "lat": 45.673
    },
    "gazole_maj": "2025-12-05T09:02:56+01:00",
    "gazole_prix": 1.7,
    "sp95_maj": "2025-12-05T09:02:56+01:00",
    "sp95_prix": 1.83,
    "e85_maj": null,
    "e85_prix": null,
    "gplc_maj": null,
    "gplc_prix": null,
    "e10_maj": null,
    "e10_prix": null,
    "sp98_maj": "2025-12-05T09:02:56+01:00",
    "sp98_prix": 1.88,
    "e10_rupture_debut": "2022-11-25T10:31:31+01:00",
    "e10_rupture_type": "definitive",
    "sp98_rupture_debut": null,
    "sp98_rupture_type": null,
    "sp95_rupture_debut": null,
    "sp95_rupture_type": null,
    "e85_rupture_debut": "2022-11-25T10:31:31+01:00",
    "e85_rupture_type": "definitive",
    "gplc_rupture_debut": "2022-11-25T10:31:31+01:00",
    "gplc_rupture_type": "definitive",
    "gazole_rupture_debut": null,
    "gazole_rupture_type": null,
    "carburants_disponibles": [
      "Gazole",
      "SP95",
      "SP98"
    ],
    "carburants_indisponibles": [
      "E85",
      "GPLc",
      "E10"
    ],
    "carburants_rupture_temporaire": null,
    "carburants_rupture_definitive": "E85;GPLc;E10",
    "horaires_automate_24_24": "Oui",
    "services_service": [
      "Automate CB 24/24"
    ],
    "departement": "Isère",
    "code_departement": "38",
    "region": "Auvergne-Rhône-Alpes",
    "code_region": "84",
    "horaires_jour": "Automate-24-24, Lundi 08.00-12.00 et 14.00-17.00, Mardi 08.00-12.00 et 14.00-17.00, Mercredi 08.00-12.00 et 14.00-17.00, Jeudi 08.00-12.00 et 14.00-17.00, Vendredi 08.00-12.00 et 14.00-17.00, Samedi, Dimanche"
  }
]