[
  {
    "id": 61400004,
    "latitude": "4852283.01",
    "longitude": "54242.11",
    "cp": "61400",
    "pop": "R",
    "adresse": "16 Rue du Faubourg Saint Eloi",
    "ville": "Mortagne-au-Perche",
    "services": "{\"service\": [\"Toilettes publiques\", \"Relais colis\", \"Boutique alimentaire\", \"Restauration à emporter\", \"Restauration sur place\", \"Vente de fioul domestique\", \"Station de gonflage\", \"Carburant additivé\", \"Location de véhicule\", \"Lavage manuel\", \"Services réparation / entretien\", \"Vente de gaz domestique (Butane, Propane)\", \"Vente d'additifs carburants\", \"Automate CB 24/24\"]}",
    "prix": "[{\"@nom\": \"Gazole\", \"@id\": \"1\", \"@maj\": \"2025-12-05 14:29:07\", \"@valeur\": \"1.719\"}, {\"@nom\": \"SP95\", \"@id\": \"2\", \"@maj\": \"2025-12-05 14:29:07\", \"@valeur\": \"1.785\"}]",
    "rupture": "{\"@nom\": \"SP98\", \"@id\": \"6\", \"@debut\": \"2014-04-01 00:00:00\", \"@fin\": \"\", \"@type\": \"\"}",
    "horaires": "{\"@automate-24-24\": \"1\", \"jour\": [{\"@id\": \"1\", \"@nom\": \"Lundi\", \"@ferme\": \"\", \"horaire\": {\"@ouverture\": \"07.00\", \"@fermeture\": \"21.30\"}}, {\"@id\": \"2\", \"@nom\": \"Mardi\", \"@ferme\": \"\", \"horaire\": {\"@ouverture\": \"07.00\", \"@fermeture\": \"21.30\"}}, {\"@id\": \"3\", \"@nom\": \"Mercredi\", \"@ferme\": \"\", \"horaire\": {\"@ouverture\": \"07.00\", \"@fermeture\": \"21.30\"}}, {\"@id\": \"4\", \"@nom\": \"Jeudi\", \"@ferme\": \"\", \"horaire\": {\"@ouverture\": \"07.00\", \"@fermeture\": \"21.30\"}}, {\"@id\": \"5\", \"@nom\": \"Vendredi\", \"@ferme\": \"\", \"horaire\": {\"@ouverture\": \"07.00\", \"@fermeture\": \"22.00\"}}, {\"@id\": \"6\", \"@nom\": \"Samedi\", \"@ferme\": \"\", \"horaire\": {\"@ouverture\": \"08.30\", \"@fermeture\": \"22.00\"}}, {\"@id\": \"7\", \"@nom\": \"Dimanche\", \"@ferme\": \"\", \"horaire\": {\"@ouverture\": \"08.30\", \"@fermeture\": \"21.30\"}}]}",
    "geom": {
      "lon": 0.5424211,
      "lat": 48.5228301
    },
    "gazole_maj": "2025-12-05T15:29:07+01:00",
    "gazole_prix": 1.719,
    "sp95_maj": "2025-12-05T15:29:07+01:00",
    "sp95_prix": 1.785,
    "e85_maj": null,
    "e85_prix": null,
    "gplc_maj": null,
    "gplc_prix": null,
    "e10_maj": null,
    "e10_prix": null,
    "sp98_maj": null,
    "sp98_prix": null,
    "e10_rupture_debut": null,
    "e10_rupture_type": null,
    "sp98_rupture_debut": null,
    "sp98_rupture_type": null,
    "sp95_rupture_debut": null,
    "sp95_rupture_type": null,
    "e85_rupture_debut": null,
    "e85_rupture_type": null,
    "gplc_rupture_debut": null,
    "gplc_rupture_type": null,
    "gazole_rupture_debut": null,
    "gazole_rupture_type": null,
    "carburants_disponibles": [
      "Gazole",
      "SP95"
    ],
    "carburants_indisponibles": [
      "E85",
      "GPLc",
      "E10",
      "SP98"
    ],
    "carburants_rupture_temporaire": null,
    "carburants_rupture_definitive": null,
    "horaires_automate_24_24": "Oui",
    "services_service": [
      "Toilettes publiques",
      "Relais colis",
      "Boutique alimentaire",
      "Restauration à emporter",
      "Restauration sur place",
      "Vente de fioul domestique",
      "Station de gonflage",
      "Carburant additivé",
      "Location de véhicule",
      "Lavage manuel",
      "Services réparation / entretien",
      "Vente de gaz domestique (Butane, Propane)",
      "Vente d'additifs carburants",
      "Automate CB 24/24"
    ],
    "departement": "Orne",
    "code_departement": "61",
    "region": "Normandie",
    "code_region": "28",
    "horaires_jour": "Automate-24-24, Lundi07.00-21.30, Mardi07.00-21.30, Mercredi07.00-21.30, Jeudi07.00-21.30, Vendredi07.00-22.00, Samedi08.30-22.00, Dimanche08.30-21.30"
  }
]