[
  {
    "id": 4360001,
    "latitude": "4384400",
    "longitude": "621500",
    "cp": "04360",
    "pop": "R",
    "adresse": "QUARTIER SAINT JEAN",
    "ville": "Moustiers-Sainte-Marie",
    "services": "{\"service\": [\"Boutique non alimentaire\", \"Carburant additivé\", \"Vente de gaz domestique (Butane, Propane)\", \"Automate CB 24/24\"]}",
    "prix": "[{\"@nom\": \"Gazole\", \"@id\": \"1\", \"@maj\": \"2025-11-04 08:01:14\", \"@valeur\": \"1.770\"}, {\"@nom\": \"SP95\", \"@id\": \"2\", \"@maj\": \"2025-11-14 08:09:07\", \"@valeur\": \"1.870\"}, {\"@nom\": \"SP98\", \"@id\": \"6\", \"@maj\": \"2025-10-15 07:58:02\", \"@valeur\": \"1.890\"}]",
    "rupture": "[{\"@nom\": \"GPLc\", \"@id\": \"4\", \"@debut\": \"2017-09-15 06:37:52\", \"@fin\": \"\", \"@type\": \"definitive\"}, {\"@nom\": \"E10\", \"@id\": \"5\", \"@debut\": \"2017-09-15 06:37:53\", \"@fin\": \"\", \"@type\": \"definitive\"}, {\"@nom\": \"E85\", \"@id\": \"3\", \"@debut\": \"2022-10-18 08:21:31\", \"@fin\": \"\", \"@type\": \"definitive\"}]",
    "horaires": "{\"@automate-24-24\": \"1\", \"jour\": [{\"@id\": \"1\", \"@nom\": \"Lundi\", \"@ferme\": \"\", \"horaire\": {\"@ouverture\": \"00.00\", \"@fermeture\": \"00.00\"}}, {\"@id\": \"2\", \"@nom\": \"Mardi\", \"@ferme\": \"\", \"horaire\": [{\"@ouverture\": \"00.00\", \"@fermeture\": \"00.00\"}, {\"@ouverture\": \"00.00\", \"@fermeture\": \"00.00\"}]}, {\"@id\": \"3\", \"@nom\": \"Mercredi\", \"@ferme\": \"\", \"horaire\": {\"@ouverture\": \"00.00\", \"@fermeture\": \"00.00\"}}, {\"@id\": \"4\", \"@nom\": \"Jeudi\", \"@ferme\": \"\", \"horaire\": {\"@ouverture\": \"00.00\", \"@fermeture\": \"00.00\"}}, {\"@id\": \"5\", \"@nom\": \"Vendredi\", \"@ferme\": \"\", \"horaire\": {\"@ouverture\": \"00.00\", \"@fermeture\": \"00.00\"}}, {\"@id\": \"6\", \"@nom\": \"Samedi\", \"@ferme\": \"\"}, {\"@id\": \"7\", \"@nom\": \"Dimanche\", \"@ferme\": \"\"}]}",
    "geom": {
      "lon": 6.215,
      "lat": 43.844
    },
    "gazole_maj": "2025-11-04T09:01:14+01:00",
    "gazole_prix": 1.77,
    "sp95_maj": "2025-11-14T09:09:07+01:00",
    "sp95_prix": 1.87,
    "e85_maj": null,
    "e85_prix": null,
    "gplc_maj": null,
    "gplc_prix": null,
    "e10_maj": null,
    "e10_prix": null,
    "sp98_maj": "2025-10-15T09:58:02+02:00",
    "sp98_prix": 1.89,
    "e10_rupture_debut": "2017-09-15T08:37:53+02:00",
    "e10_rupture_type": "definitive",
    "sp98_rupture_debut": null,
    "sp98_rupture_type": null,
    "sp95_rupture_debut": null,
    "sp95_rupture_type": null,
    "e85_rupture_debut": "2022-10-18T10:21:31+02:00",
    "e85_rupture_type": "definitive",
    "gplc_rupture_debut": "2017-09-15T08:37:52+02:00",
    "gplc_rupture_type": "definitive",
    "gazole_rupture_debut": null,
    "gazole_rupture_type": null,
    "carburants_disponibles": [
      "Gazole",
      "SP95",
      "SP98"
    ],
    "carburants_indisponibles": [
      "E85",
      "GPLc",
      "E10"
    ],
    "carburants_rupture_temporaire": null,
    "carburants_rupture_definitive": "E85;GPLc;E10",
    "horaires_automate_24_24": "Oui",
    "services_service": [
      "Boutique non alimentaire",
      "Carburant additivé",
      "Vente de gaz domestique (Butane, Propane)",
      "Automate CB 24/24"
    ],
    "departement": "Alpes-de-Haute-Provence",
    "code_departement": "04",
    "region": "Provence-Alpes-Côte d'Azur",
    "code_region": "93",
    "horaires_jour": "Automate-24-24, Lundi00.00-00.00, Mardi 00.00-00.00 et 00.00-00.00, Mercredi00.00-00.00, Jeudi00.00-00.00, Vendredi00.00-00.00, Samedi, Dimanche"
  }
]