[
  {
    "id": 17137002,
    "latitude": "4620265",
    "longitude": "-117434",
    "cp": "17137",
    "pop": "R",
    "adresse": "LE FIEF ARNAUD",
    "ville": "Nieul-sur-Mer",
    "services": "{\"service\": [\"Location de véhicule\", \"Lavage automatique\", \"Lavage manuel\"]}",
    "prix": "[{\"@nom\": \"Gazole\", \"@id\": \"1\", \"@maj\": \"2025-11-18 09:00:00\", \"@valeur\": \"1.602\"}, {\"@nom\": \"SP95\", \"@id\": \"2\", \"@maj\": \"2025-11-18 09:00:00\", \"@valeur\": \"1.689\"}, {\"@nom\": \"E10\", \"@id\": \"5\", \"@maj\": \"2025-11-18 09:00:00\", \"@valeur\": \"1.639\"}, {\"@nom\": \"SP98\", \"@id\": \"6\", \"@maj\": \"2025-11-18 09:00:00\", \"@valeur\": \"1.725\"}]",
    "rupture": "[{\"@nom\": \"E85\", \"@id\": \"3\", \"@debut\": \"2010-10-21 16:36:00\", \"@fin\": \"\", \"@type\": \"\"}, {\"@nom\": \"GPLc\", \"@id\": \"4\", \"@debut\": \"2010-10-21 00:00:00\", \"@fin\": \"\", \"@type\": \"\"}]",
    "horaires": null,
    "geom": {
      "lon": -1.17434,
      "lat": 46.20265
    },
    "gazole_maj": "2025-11-18T10:00:00+01:00",
    "gazole_prix": 1.602,
    "sp95_maj": "2025-11-18T10:00:00+01:00",
    "sp95_prix": 1.689,
    "e85_maj": null,
    "e85_prix": null,
    "gplc_maj": null,
    "gplc_prix": null,
    "e10_maj": "2025-11-18T10:00:00+01:00",
    "e10_prix": 1.639,
    "sp98_maj": "2025-11-18T10:00:00+01:00",
    "sp98_prix": 1.725,
    "e10_rupture_debut": null,
    "e10_rupture_type": null,
    "sp98_rupture_debut": null,
    "sp98_rupture_type": null,
    "sp95_rupture_debut": null,
    "sp95_rupture_type": null,
    "e85_rupture_debut": null,
    "e85_rupture_type": null,
    "gplc_rupture_debut": null,
    "gplc_rupture_type": null,
    "gazole_rupture_debut": null,
    "gazole_rupture_type": null,
    "carburants_disponibles": [
      "Gazole",
      "SP95",
      "E10",
      "SP98"
    ],
    "carburants_indisponibles": [
      "E85",
      "GPLc"
    ],
    "carburants_rupture_temporaire": null,
    "carburants_rupture_definitive": null,
    "horaires_automate_24_24": "Non",
    "services_service": [
      "Location de véhicule",
      "Lavage automatique",
      "Lavage manuel"
    ],
    "departement": "Charente-Maritime",
    "code_departement": "17",
    "region": "Nouvelle-Aquitaine",
    "code_region": "75",
    "horaires_jour": null
  },
  {
    "id": 17137001,
    "latitude": "4619800",
    "longitude": "-115800",
    "cp": "17137",
    "pop": "R",
    "adresse": "44 Avenue de la Rochelle",
    "ville": "Nieul-sur-Mer",
    "services": "{\"service\": [\"Carburant additivé\", \"Services réparation / entretien\", \"Vente de gaz domestique (Butane, Propane)\", \"Vente d'additifs carburants\", \"Automate CB 24/24\"]}",
    "prix": "[{\"@nom\": \"Gazole\", \"@id\": \"1\", \"@maj\": \"2025-11-18 14:29:20\", \"@valeur\": \"1.799\"}, {\"@nom\": \"SP95\", \"@id\": \"2\", \"@maj\": \"2025-11-18 14:29:20\", \"@valeur\": \"1.839\"}]",
    "rupture": "[{\"@nom\": \"E85\", \"@id\": \"3\", \"@debut\": \"2018-06-28 11:54:47\", \"@fin\": \"\", \"@type\": \"definitive\"}, {\"@nom\": \"GPLc\", \"@id\": \"4\", \"@debut\": \"2018-06-28 11:54:47\", \"@fin\": \"\", \"@type\": \"definitive\"}, {\"@nom\": \"SP98\", \"@id\": \"6\", \"@debut\": \"2018-06-28 11:54:47\", \"@fin\": \"\", \"@type\": \"definitive\"}, {\"@nom\": \"E10\", \"@id\": \"5\", \"@debut\": \"2018-07-27 09:33:23\", \"@fin\": \"\", \"@type\": \"definitive\"}]",
    "horaires": "{\"@automate-24-24\": \"1\", \"jour\": [{\"@id\": \"1\", \"@nom\": \"Lundi\", \"@ferme\": \"\", \"horaire\": [{\"@ouverture\": \"08.00\", \"@fermeture\": \"12.00\"}, {\"@ouverture\": \"14.00\", \"@fermeture\": \"18.30\"}]}, {\"@id\": \"2\", \"@nom\": \"Mardi\", \"@ferme\": \"\", \"horaire\": [{\"@ouverture\": \"08.00\", \"@fermeture\": \"12.00\"}, {\"@ouverture\": \"14.00\", \"@fermeture\": \"18.30\"}]}, {\"@id\": \"3\", \"@nom\": \"Mercredi\", \"@ferme\": \"\", \"horaire\": [{\"@ouverture\": \"08.00\", \"@fermeture\": \"12.00\"}, {\"@ouverture\": \"14.00\", \"@fermeture\": \"18.30\"}]}, {\"@id\": \"4\", \"@nom\": \"Jeudi\", \"@ferme\": \"\", \"horaire\": [{\"@ouverture\": \"08.00\", \"@fermeture\": \"12.00\"}, {\"@ouverture\": \"14.00\", \"@fermeture\": \"18.30\"}]}, {\"@id\": \"5\", \"@nom\": \"Vendredi\", \"@ferme\": \"\", \"horaire\": [{\"@ouverture\": \"08.00\", \"@fermeture\": \"12.00\"}, {\"@ouverture\": \"14.00\", \"@fermeture\": \"18.30\"}]}, {\"@id\": \"6\", \"@nom\": \"Samedi\", \"@ferme\": \"1\"}, {\"@id\": \"7\", \"@nom\": \"Dimanche\", \"@ferme\": \"1\"}]}",
    "geom": {
      "lon": -1.158,
      "lat": 46.198
    },
    "gazole_maj": "2025-11-18T15:29:20+01:00",
    "gazole_prix": 1.799,
    "sp95_maj": "2025-11-18T15:29:20+01:00",
    "sp95_prix": 1.839,
    "e85_maj": null,
    "e85_prix": null,
    "gplc_maj": null,
    "gplc_prix": null,
    "e10_maj": null,
    "e10_prix": null,
    "sp98_maj": null,
    "sp98_prix": null,
    "e10_rupture_debut": "2018-07-27T11:33:23+02:00",
    "e10_rupture_type": "definitive",
    "sp98_rupture_debut": "2018-06-28T13:54:47+02:00",
    "sp98_rupture_type": "definitive",
    "sp95_rupture_debut": null,
    "sp95_rupture_type": null,
    "e85_rupture_debut": "2018-06-28T13:54:47+02:00",
    "e85_rupture_type": "definitive",
    "gplc_rupture_debut": "2018-06-28T13:54:47+02:00",
    "gplc_rupture_type": "definitive",
    "gazole_rupture_debut": null,
    "gazole_rupture_type": null,
    "carburants_disponibles": [
      "Gazole",
      "SP95"
    ],
    "carburants_indisponibles": [
      "E85",
      "GPLc",
      "E10",
      "SP98"
    ],
    "carburants_rupture_temporaire": null,
    "carburants_rupture_definitive": "E85;GPLc;E10;SP98",
    "horaires_automate_24_24": "Oui",
    "services_service": [
      "Carburant additivé",
      "Services réparation / entretien",
      "Vente de gaz domestique (Butane, Propane)",
      "Vente d'additifs carburants",
      "Automate CB 24/24"
    ],
    "departement": "Charente-Maritime",
    "code_departement": "17",
    "region": "Nouvelle-Aquitaine",
    "code_region": "75",
    "horaires_jour": "Automate-24-24, Lundi 08.00-12.00 et 14.00-18.30, Mardi 08.00-12.00 et 14.00-18.30, Mercredi 08.00-12.00 et 14.00-18.30, Jeudi 08.00-12.00 et 14.00-18.30, Vendredi 08.00-12.00 et 14.00-18.30, Samedi, Dimanche"
  }
]