[
  {
    "id": 79000012,
    "latitude": "4631300",
    "longitude": "-47700",
    "cp": "79000",
    "pop": "R",
    "adresse": "202 Avenue de la Rochelle",
    "ville": "Niort",
    "services": "{\"service\": [\"Relais colis\", \"Station de gonflage\", \"Carburant additivé\", \"Piste poids lourds\", \"Automate CB 24/24\"]}",
    "prix": "[{\"@nom\": \"Gazole\", \"@id\": \"1\", \"@maj\": \"2026-01-17 11:32:43\", \"@valeur\": \"1.649\"}, {\"@nom\": \"E10\", \"@id\": \"5\", \"@maj\": \"2026-01-17 11:32:42\", \"@valeur\": \"1.679\"}, {\"@nom\": \"SP98\", \"@id\": \"6\", \"@maj\": \"2026-01-17 11:32:43\", \"@valeur\": \"1.829\"}]",
    "rupture": null,
    "horaires": "{\"@automate-24-24\": \"1\", \"jour\": [{\"@id\": \"1\", \"@nom\": \"Lundi\", \"@ferme\": \"\"}, {\"@id\": \"2\", \"@nom\": \"Mardi\", \"@ferme\": \"\"}, {\"@id\": \"3\", \"@nom\": \"Mercredi\", \"@ferme\": \"\"}, {\"@id\": \"4\", \"@nom\": \"Jeudi\", \"@ferme\": \"\"}, {\"@id\": \"5\", \"@nom\": \"Vendredi\", \"@ferme\": \"\"}, {\"@id\": \"6\", \"@nom\": \"Samedi\", \"@ferme\": \"\"}, {\"@id\": \"7\", \"@nom\": \"Dimanche\", \"@ferme\": \"\"}]}",
    "geom": {
      "lon": -0.477,
      "lat": 46.313
    },
    "gazole_maj": "2026-01-17T12:32:43+01:00",
    "gazole_prix": 1.649,
    "sp95_maj": null,
    "sp95_prix": null,
    "e85_maj": null,
    "e85_prix": null,
    "gplc_maj": null,
    "gplc_prix": null,
    "e10_maj": "2026-01-17T12:32:42+01:00",
    "e10_prix": 1.679,
    "sp98_maj": "2026-01-17T12:32:43+01:00",
    "sp98_prix": 1.829,
    "e10_rupture_debut": null,
    "e10_rupture_type": null,
    "sp98_rupture_debut": null,
    "sp98_rupture_type": null,
    "sp95_rupture_debut": null,
    "sp95_rupture_type": null,
    "e85_rupture_debut": null,
    "e85_rupture_type": null,
    "gplc_rupture_debut": null,
    "gplc_rupture_type": null,
    "gazole_rupture_debut": null,
    "gazole_rupture_type": null,
    "carburants_disponibles": [
      "Gazole",
      "E10",
      "SP98"
    ],
    "carburants_indisponibles": [
      "SP95",
      "E85",
      "GPLc"
    ],
    "carburants_rupture_temporaire": null,
    "carburants_rupture_definitive": null,
    "horaires_automate_24_24": "Oui",
    "services_service": [
      "Relais colis",
      "Station de gonflage",
      "Carburant additivé",
      "Piste poids lourds",
      "Automate CB 24/24"
    ],
    "departement": "Deux-Sèvres",
    "code_departement": "79",
    "region": "Nouvelle-Aquitaine",
    "code_region": "75",
    "horaires_jour": "Automate-24-24"
  },
  {
    "id": 79000013,
    "latitude": "4631700",
    "longitude": "-47300",
    "cp": "79000",
    "pop": "R",
    "adresse": "122 AVENUE DE LA ROCHELLE",
    "ville": "Niort",
    "services": "{\"service\": [\"Relais colis\", \"Boutique alimentaire\", \"Boutique non alimentaire\", \"Restauration à emporter\", \"Station de gonflage\", \"Carburant additivé\", \"Lavage manuel\", \"Vente de gaz domestique (Butane, Propane)\", \"Wifi\", \"Automate CB 24/24\"]}",
    "prix": "[{\"@nom\": \"Gazole\", \"@id\": \"1\", \"@maj\": \"2026-01-17 00:01:00\", \"@valeur\": \"1.599\"}, {\"@nom\": \"GPLc\", \"@id\": \"4\", \"@maj\": \"2026-01-17 00:01:00\", \"@valeur\": \"0.931\"}, {\"@nom\": \"E10\", \"@id\": \"5\", \"@maj\": \"2026-01-17 00:01:00\", \"@valeur\": \"1.631\"}, {\"@nom\": \"SP98\", \"@id\": \"6\", \"@maj\": \"2026-01-17 00:01:00\", \"@valeur\": \"1.749\"}]",
    "rupture": "[{\"@nom\": \"SP95\", \"@id\": \"2\", \"@debut\": \"2015-02-18 00:00:00\", \"@fin\": \"\", \"@type\": \"\"}, {\"@nom\": \"E85\", \"@id\": \"3\", \"@debut\": \"2015-02-18 00:00:00\", \"@fin\": \"\", \"@type\": \"\"}]",
    "horaires": "{\"@automate-24-24\": \"1\", \"jour\": [{\"@id\": \"1\", \"@nom\": \"Lundi\", \"@ferme\": \"\", \"horaire\": {\"@ouverture\": \"07.00\", \"@fermeture\": \"21.00\"}}, {\"@id\": \"2\", \"@nom\": \"Mardi\", \"@ferme\": \"\", \"horaire\": {\"@ouverture\": \"07.00\", \"@fermeture\": \"21.00\"}}, {\"@id\": \"3\", \"@nom\": \"Mercredi\", \"@ferme\": \"\", \"horaire\": {\"@ouverture\": \"07.00\", \"@fermeture\": \"21.00\"}}, {\"@id\": \"4\", \"@nom\": \"Jeudi\", \"@ferme\": \"\", \"horaire\": {\"@ouverture\": \"07.00\", \"@fermeture\": \"21.00\"}}, {\"@id\": \"5\", \"@nom\": \"Vendredi\", \"@ferme\": \"\", \"horaire\": {\"@ouverture\": \"07.00\", \"@fermeture\": \"21.00\"}}, {\"@id\": \"6\", \"@nom\": \"Samedi\", \"@ferme\": \"\", \"horaire\": {\"@ouverture\": \"08.00\", \"@fermeture\": \"21.00\"}}, {\"@id\": \"7\", \"@nom\": \"Dimanche\", \"@ferme\": \"\", \"horaire\": {\"@ouverture\": \"08.00\", \"@fermeture\": \"21.00\"}}]}",
    "geom": {
      "lon": -0.473,
      "lat": 46.317
    },
    "gazole_maj": "2026-01-17T01:01:00+01:00",
    "gazole_prix": 1.599,
    "sp95_maj": null,
    "sp95_prix": null,
    "e85_maj": null,
    "e85_prix": null,
    "gplc_maj": "2026-01-17T01:01:00+01:00",
    "gplc_prix": 0.931,
    "e10_maj": "2026-01-17T01:01:00+01:00",
    "e10_prix": 1.631,
    "sp98_maj": "2026-01-17T01:01:00+01:00",
    "sp98_prix": 1.749,
    "e10_rupture_debut": null,
    "e10_rupture_type": null,
    "sp98_rupture_debut": null,
    "sp98_rupture_type": null,
    "sp95_rupture_debut": null,
    "sp95_rupture_type": null,
    "e85_rupture_debut": null,
    "e85_rupture_type": null,
    "gplc_rupture_debut": null,
    "gplc_rupture_type": null,
    "gazole_rupture_debut": null,
    "gazole_rupture_type": null,
    "carburants_disponibles": [
      "Gazole",
      "GPLc",
      "E10",
      "SP98"
    ],
    "carburants_indisponibles": [
      "SP95",
      "E85"
    ],
    "carburants_rupture_temporaire": null,
    "carburants_rupture_definitive": null,
    "horaires_automate_24_24": "Oui",
    "services_service": [
      "Relais colis",
      "Boutique alimentaire",
      "Boutique non alimentaire",
      "Restauration à emporter",
      "Station de gonflage",
      "Carburant additivé",
      "Lavage manuel",
      "Vente de gaz domestique (Butane, Propane)",
      "Wifi",
      "Automate CB 24/24"
    ],
    "departement": "Deux-Sèvres",
    "code_departement": "79",
    "region": "Nouvelle-Aquitaine",
    "code_region": "75",
    "horaires_jour": "Automate-24-24, Lundi07.00-21.00, Mardi07.00-21.00, Mercredi07.00-21.00, Jeudi07.00-21.00, Vendredi07.00-21.00, Samedi08.00-21.00, Dimanche08.00-21.00"
  }
]