[
  {
    "id": 84210001,
    "latitude": "4400918",
    "longitude": "505110",
    "cp": "84210",
    "pop": "R",
    "adresse": "680 Route de la Buissonne",
    "ville": "Pernes-les-Fontaines",
    "services": "{\"service\": [\"Vente de gaz domestique (Butane, Propane)\", \"DAB (Distributeur automatique de billets)\"]}",
    "prix": "[{\"@nom\": \"Gazole\", \"@id\": \"1\", \"@maj\": \"2025-12-16 23:55:00\", \"@valeur\": \"1.522\"}, {\"@nom\": \"E85\", \"@id\": \"3\", \"@maj\": \"2025-12-12 23:55:00\", \"@valeur\": \"0.678\"}, {\"@nom\": \"E10\", \"@id\": \"5\", \"@maj\": \"2025-12-16 23:55:00\", \"@valeur\": \"1.612\"}, {\"@nom\": \"SP98\", \"@id\": \"6\", \"@maj\": \"2025-12-15 23:55:00\", \"@valeur\": \"1.705\"}]",
    "rupture": "[{\"@nom\": \"SP95\", \"@id\": \"2\", \"@debut\": \"2024-06-24 16:37:54\", \"@fin\": \"\", \"@type\": \"definitive\"}, {\"@nom\": \"GPLc\", \"@id\": \"4\", \"@debut\": \"2024-06-24 16:37:54\", \"@fin\": \"\", \"@type\": \"definitive\"}]",
    "horaires": null,
    "geom": {
      "lon": 5.0511,
      "lat": 44.00918
    },
    "gazole_maj": "2025-12-17T00:55:00+01:00",
    "gazole_prix": 1.522,
    "sp95_maj": null,
    "sp95_prix": null,
    "e85_maj": "2025-12-13T00:55:00+01:00",
    "e85_prix": 0.678,
    "gplc_maj": null,
    "gplc_prix": null,
    "e10_maj": "2025-12-17T00:55:00+01:00",
    "e10_prix": 1.612,
    "sp98_maj": "2025-12-16T00:55:00+01:00",
    "sp98_prix": 1.705,
    "e10_rupture_debut": null,
    "e10_rupture_type": null,
    "sp98_rupture_debut": null,
    "sp98_rupture_type": null,
    "sp95_rupture_debut": "2024-06-24T18:37:54+02:00",
    "sp95_rupture_type": "definitive",
    "e85_rupture_debut": null,
    "e85_rupture_type": null,
    "gplc_rupture_debut": "2024-06-24T18:37:54+02:00",
    "gplc_rupture_type": "definitive",
    "gazole_rupture_debut": null,
    "gazole_rupture_type": null,
    "carburants_disponibles": [
      "Gazole",
      "E85",
      "E10",
      "SP98"
    ],
    "carburants_indisponibles": [
      "SP95",
      "GPLc"
    ],
    "carburants_rupture_temporaire": null,
    "carburants_rupture_definitive": "SP95;GPLc",
    "horaires_automate_24_24": "Non",
    "services_service": [
      "Vente de gaz domestique (Butane, Propane)",
      "DAB (Distributeur automatique de billets)"
    ],
    "departement": "Vaucluse",
    "code_departement": "84",
    "region": "Provence-Alpes-Côte d'Azur",
    "code_region": "93",
    "horaires_jour": null
  },
  {
    "id": 84210003,
    "latitude": "4400500",
    "longitude": "505100",
    "cp": "84210",
    "pop": "R",
    "adresse": "542 Avenue Charles de Gaulle",
    "ville": "Pernes-les-Fontaines",
    "services": "{\"service\": [\"Vente de fioul domestique\", \"Station de gonflage\", \"Carburant additivé\", \"Piste poids lourds\", \"Services réparation / entretien\", \"Vente de gaz domestique (Butane, Propane)\", \"Automate CB 24/24\", \"DAB (Distributeur automatique de billets)\"]}",
    "prix": "[{\"@nom\": \"Gazole\", \"@id\": \"1\", \"@maj\": \"2025-12-12 09:12:27\", \"@valeur\": \"1.675\"}, {\"@nom\": \"E85\", \"@id\": \"3\", \"@maj\": \"2025-12-12 09:12:28\", \"@valeur\": \"0.799\"}, {\"@nom\": \"E10\", \"@id\": \"5\", \"@maj\": \"2025-12-12 09:12:28\", \"@valeur\": \"1.759\"}]",
    "rupture": "[{\"@nom\": \"SP95\", \"@id\": \"2\", \"@debut\": \"2017-10-31 11:45:43\", \"@fin\": \"\", \"@type\": \"definitive\"}, {\"@nom\": \"GPLc\", \"@id\": \"4\", \"@debut\": \"2017-10-31 11:45:43\", \"@fin\": \"\", \"@type\": \"definitive\"}, {\"@nom\": \"SP98\", \"@id\": \"6\", \"@debut\": \"2017-10-31 11:45:44\", \"@fin\": \"\", \"@type\": \"definitive\"}]",
    "horaires": "{\"@automate-24-24\": \"1\", \"jour\": [{\"@id\": \"1\", \"@nom\": \"Lundi\", \"@ferme\": \"\", \"horaire\": {\"@ouverture\": \"06.30\", \"@fermeture\": \"19.00\"}}, {\"@id\": \"2\", \"@nom\": \"Mardi\", \"@ferme\": \"\", \"horaire\": {\"@ouverture\": \"06.30\", \"@fermeture\": \"19.00\"}}, {\"@id\": \"3\", \"@nom\": \"Mercredi\", \"@ferme\": \"\", \"horaire\": {\"@ouverture\": \"06.30\", \"@fermeture\": \"19.00\"}}, {\"@id\": \"4\", \"@nom\": \"Jeudi\", \"@ferme\": \"\", \"horaire\": {\"@ouverture\": \"06.30\", \"@fermeture\": \"19.00\"}}, {\"@id\": \"5\", \"@nom\": \"Vendredi\", \"@ferme\": \"\", \"horaire\": {\"@ouverture\": \"06.30\", \"@fermeture\": \"19.00\"}}, {\"@id\": \"6\", \"@nom\": \"Samedi\", \"@ferme\": \"\", \"horaire\": {\"@ouverture\": \"07.00\", \"@fermeture\": \"19.00\"}}, {\"@id\": \"7\", \"@nom\": \"Dimanche\", \"@ferme\": \"\", \"horaire\": {\"@ouverture\": \"08.00\", \"@fermeture\": \"12.30\"}}]}",
    "geom": {
      "lon": 5.051,
      "lat": 44.005
    },
    "gazole_maj": "2025-12-12T10:12:27+01:00",
    "gazole_prix": 1.675,
    "sp95_maj": null,
    "sp95_prix": null,
    "e85_maj": "2025-12-12T10:12:28+01:00",
    "e85_prix": 0.799,
    "gplc_maj": null,
    "gplc_prix": null,
    "e10_maj": "2025-12-12T10:12:28+01:00",
    "e10_prix": 1.759,
    "sp98_maj": null,
    "sp98_prix": null,
    "e10_rupture_debut": null,
    "e10_rupture_type": null,
    "sp98_rupture_debut": "2017-10-31T12:45:44+01:00",
    "sp98_rupture_type": "definitive",
    "sp95_rupture_debut": "2017-10-31T12:45:43+01:00",
    "sp95_rupture_type": "definitive",
    "e85_rupture_debut": null,
    "e85_rupture_type": null,
    "gplc_rupture_debut": "2017-10-31T12:45:43+01:00",
    "gplc_rupture_type": "definitive",
    "gazole_rupture_debut": null,
    "gazole_rupture_type": null,
    "carburants_disponibles": [
      "Gazole",
      "E85",
      "E10"
    ],
    "carburants_indisponibles": [
      "SP95",
      "GPLc",
      "SP98"
    ],
    "carburants_rupture_temporaire": null,
    "carburants_rupture_definitive": "SP95;GPLc;SP98",
    "horaires_automate_24_24": "Oui",
    "services_service": [
      "Vente de fioul domestique",
      "Station de gonflage",
      "Carburant additivé",
      "Piste poids lourds",
      "Services réparation / entretien",
      "Vente de gaz domestique (Butane, Propane)",
      "Automate CB 24/24",
      "DAB (Distributeur automatique de billets)"
    ],
    "departement": "Vaucluse",
    "code_departement": "84",
    "region": "Provence-Alpes-Côte d'Azur",
    "code_region": "93",
    "horaires_jour": "Automate-24-24, Lundi06.30-19.00, Mardi06.30-19.00, Mercredi06.30-19.00, Jeudi06.30-19.00, Vendredi06.30-19.00, Samedi07.00-19.00, Dimanche08.00-12.30"
  }
]