[
  {
    "id": 24580001,
    "latitude": "4504300",
    "longitude": "98100",
    "cp": "24580",
    "pop": "R",
    "adresse": "LES PLATEAUX DE GRAULET",
    "ville": "Rouffignac-Saint-Cernin-de-Reilhac",
    "services": "{\"service\": [\"Boutique alimentaire\", \"Vente de pétrole lampant\", \"Station de gonflage\", \"Piste poids lourds\", \"Lavage manuel\", \"Automate CB 24/24\", \"DAB (Distributeur automatique de billets)\"]}",
    "prix": "[{\"@nom\": \"Gazole\", \"@id\": \"1\", \"@maj\": \"2026-01-12 20:33:20\", \"@valeur\": \"1.610\"}, {\"@nom\": \"SP95\", \"@id\": \"2\", \"@maj\": \"2026-01-12 20:33:20\", \"@valeur\": \"1.690\"}, {\"@nom\": \"SP98\", \"@id\": \"6\", \"@maj\": \"2026-01-12 20:33:20\", \"@valeur\": \"1.720\"}]",
    "rupture": "[{\"@nom\": \"E85\", \"@id\": \"3\", \"@debut\": \"2017-09-30 02:20:13\", \"@fin\": \"\", \"@type\": \"definitive\"}, {\"@nom\": \"GPLc\", \"@id\": \"4\", \"@debut\": \"2017-09-30 02:20:13\", \"@fin\": \"\", \"@type\": \"definitive\"}, {\"@nom\": \"E10\", \"@id\": \"5\", \"@debut\": \"2017-09-30 02:20:13\", \"@fin\": \"\", \"@type\": \"definitive\"}]",
    "horaires": "{\"@automate-24-24\": \"1\", \"jour\": [{\"@id\": \"1\", \"@nom\": \"Lundi\", \"@ferme\": \"\", \"horaire\": [{\"@ouverture\": \"10.00\", \"@fermeture\": \"12.00\"}, {\"@ouverture\": \"16.00\", \"@fermeture\": \"18.00\"}]}, {\"@id\": \"2\", \"@nom\": \"Mardi\", \"@ferme\": \"\", \"horaire\": [{\"@ouverture\": \"10.00\", \"@fermeture\": \"12.00\"}, {\"@ouverture\": \"16.00\", \"@fermeture\": \"18.00\"}]}, {\"@id\": \"3\", \"@nom\": \"Mercredi\", \"@ferme\": \"\", \"horaire\": [{\"@ouverture\": \"10.00\", \"@fermeture\": \"12.00\"}, {\"@ouverture\": \"16.00\", \"@fermeture\": \"18.00\"}]}, {\"@id\": \"4\", \"@nom\": \"Jeudi\", \"@ferme\": \"\", \"horaire\": [{\"@ouverture\": \"10.00\", \"@fermeture\": \"12.00\"}, {\"@ouverture\": \"16.00\", \"@fermeture\": \"18.00\"}]}, {\"@id\": \"5\", \"@nom\": \"Vendredi\", \"@ferme\": \"\", \"horaire\": [{\"@ouverture\": \"10.00\", \"@fermeture\": \"12.00\"}, {\"@ouverture\": \"16.00\", \"@fermeture\": \"18.00\"}]}, {\"@id\": \"6\", \"@nom\": \"Samedi\", \"@ferme\": \"\", \"horaire\": [{\"@ouverture\": \"10.00\", \"@fermeture\": \"12.00\"}, {\"@ouverture\": \"16.00\", \"@fermeture\": \"18.00\"}]}, {\"@id\": \"7\", \"@nom\": \"Dimanche\", \"@ferme\": \"\"}]}",
    "geom": {
      "lon": 0.981,
      "lat": 45.043
    },
    "gazole_maj": "2026-01-12T21:33:20+01:00",
    "gazole_prix": 1.61,
    "sp95_maj": "2026-01-12T21:33:20+01:00",
    "sp95_prix": 1.69,
    "e85_maj": null,
    "e85_prix": null,
    "gplc_maj": null,
    "gplc_prix": null,
    "e10_maj": null,
    "e10_prix": null,
    "sp98_maj": "2026-01-12T21:33:20+01:00",
    "sp98_prix": 1.72,
    "e10_rupture_debut": "2017-09-30T04:20:13+02:00",
    "e10_rupture_type": "definitive",
    "sp98_rupture_debut": null,
    "sp98_rupture_type": null,
    "sp95_rupture_debut": null,
    "sp95_rupture_type": null,
    "e85_rupture_debut": "2017-09-30T04:20:13+02:00",
    "e85_rupture_type": "definitive",
    "gplc_rupture_debut": "2017-09-30T04:20:13+02:00",
    "gplc_rupture_type": "definitive",
    "gazole_rupture_debut": null,
    "gazole_rupture_type": null,
    "carburants_disponibles": [
      "Gazole",
      "SP95",
      "SP98"
    ],
    "carburants_indisponibles": [
      "E85",
      "GPLc",
      "E10"
    ],
    "carburants_rupture_temporaire": null,
    "carburants_rupture_definitive": "E85;GPLc;E10",
    "horaires_automate_24_24": "Oui",
    "services_service": [
      "Boutique alimentaire",
      "Vente de pétrole lampant",
      "Station de gonflage",
      "Piste poids lourds",
      "Lavage manuel",
      "Automate CB 24/24",
      "DAB (Distributeur automatique de billets)"
    ],
    "departement": "Dordogne",
    "code_departement": "24",
    "region": "Nouvelle-Aquitaine",
    "code_region": "75",
    "horaires_jour": "Automate-24-24, Lundi 10.00-12.00 et 16.00-18.00, Mardi 10.00-12.00 et 16.00-18.00, Mercredi 10.00-12.00 et 16.00-18.00, Jeudi 10.00-12.00 et 16.00-18.00, Vendredi 10.00-12.00 et 16.00-18.00, Samedi 10.00-12.00 et 16.00-18.00, Dimanche"
  }
]