[
  {
    "id": 4170002,
    "latitude": "4396700",
    "longitude": "650700",
    "cp": "04170",
    "pop": "R",
    "adresse": "RN 202",
    "ville": "Saint-André-les-Alpes",
    "services": "{\"service\": [\"Boutique non alimentaire\", \"Station de gonflage\", \"Piste poids lourds\", \"Services réparation / entretien\", \"Vente de gaz domestique (Butane, Propane)\", \"Vente d'additifs carburants\", \"Automate CB 24/24\", \"DAB (Distributeur automatique de billets)\"]}",
    "prix": "[{\"@nom\": \"Gazole\", \"@id\": \"1\", \"@maj\": \"2026-01-23 09:14:39\", \"@valeur\": \"1.850\"}, {\"@nom\": \"SP95\", \"@id\": \"2\", \"@maj\": \"2026-01-23 09:14:39\", \"@valeur\": \"1.900\"}, {\"@nom\": \"SP98\", \"@id\": \"6\", \"@maj\": \"2026-01-23 09:14:39\", \"@valeur\": \"1.950\"}]",
    "rupture": "[{\"@nom\": \"E85\", \"@id\": \"3\", \"@debut\": \"2016-06-01 00:00:00\", \"@fin\": \"\", \"@type\": \"\"}, {\"@nom\": \"GPLc\", \"@id\": \"4\", \"@debut\": \"2025-08-07 16:24:09\", \"@fin\": \"\", \"@type\": \"definitive\"}, {\"@nom\": \"E10\", \"@id\": \"5\", \"@debut\": \"2025-08-07 16:24:09\", \"@fin\": \"\", \"@type\": \"definitive\"}]",
    "horaires": "{\"@automate-24-24\": \"1\", \"jour\": [{\"@id\": \"1\", \"@nom\": \"Lundi\", \"@ferme\": \"\", \"horaire\": [{\"@ouverture\": \"08.00\", \"@fermeture\": \"12.00\"}, {\"@ouverture\": \"14.00\", \"@fermeture\": \"19.00\"}]}, {\"@id\": \"2\", \"@nom\": \"Mardi\", \"@ferme\": \"\", \"horaire\": [{\"@ouverture\": \"08.00\", \"@fermeture\": \"12.00\"}, {\"@ouverture\": \"14.00\", \"@fermeture\": \"19.00\"}]}, {\"@id\": \"3\", \"@nom\": \"Mercredi\", \"@ferme\": \"\", \"horaire\": [{\"@ouverture\": \"08.00\", \"@fermeture\": \"12.00\"}, {\"@ouverture\": \"14.00\", \"@fermeture\": \"19.00\"}]}, {\"@id\": \"4\", \"@nom\": \"Jeudi\", \"@ferme\": \"\", \"horaire\": [{\"@ouverture\": \"08.00\", \"@fermeture\": \"12.00\"}, {\"@ouverture\": \"14.00\", \"@fermeture\": \"19.00\"}]}, {\"@id\": \"5\", \"@nom\": \"Vendredi\", \"@ferme\": \"\", \"horaire\": [{\"@ouverture\": \"08.00\", \"@fermeture\": \"12.00\"}, {\"@ouverture\": \"14.00\", \"@fermeture\": \"19.00\"}]}, {\"@id\": \"6\", \"@nom\": \"Samedi\", \"@ferme\": \"\", \"horaire\": [{\"@ouverture\": \"09.00\", \"@fermeture\": \"12.00\"}, {\"@ouverture\": \"16.00\", \"@fermeture\": \"19.00\"}]}, {\"@id\": \"7\", \"@nom\": \"Dimanche\", \"@ferme\": \"\", \"horaire\": [{\"@ouverture\": \"09.00\", \"@fermeture\": \"12.00\"}, {\"@ouverture\": \"16.00\", \"@fermeture\": \"19.00\"}]}]}",
    "geom": {
      "lon": 6.507,
      "lat": 43.967
    },
    "gazole_maj": "2026-01-23T10:14:39+01:00",
    "gazole_prix": 1.85,
    "sp95_maj": "2026-01-23T10:14:39+01:00",
    "sp95_prix": 1.9,
    "e85_maj": null,
    "e85_prix": null,
    "gplc_maj": null,
    "gplc_prix": null,
    "e10_maj": null,
    "e10_prix": null,
    "sp98_maj": "2026-01-23T10:14:39+01:00",
    "sp98_prix": 1.95,
    "e10_rupture_debut": "2025-08-07T18:24:09+02:00",
    "e10_rupture_type": "definitive",
    "sp98_rupture_debut": null,
    "sp98_rupture_type": null,
    "sp95_rupture_debut": null,
    "sp95_rupture_type": null,
    "e85_rupture_debut": null,
    "e85_rupture_type": null,
    "gplc_rupture_debut": "2025-08-07T18:24:09+02:00",
    "gplc_rupture_type": "definitive",
    "gazole_rupture_debut": null,
    "gazole_rupture_type": null,
    "carburants_disponibles": [
      "Gazole",
      "SP95",
      "SP98"
    ],
    "carburants_indisponibles": [
      "E85",
      "GPLc",
      "E10"
    ],
    "carburants_rupture_temporaire": null,
    "carburants_rupture_definitive": "GPLc;E10",
    "horaires_automate_24_24": "Oui",
    "services_service": [
      "Boutique non alimentaire",
      "Station de gonflage",
      "Piste poids lourds",
      "Services réparation / entretien",
      "Vente de gaz domestique (Butane, Propane)",
      "Vente d'additifs carburants",
      "Automate CB 24/24",
      "DAB (Distributeur automatique de billets)"
    ],
    "departement": "Alpes-de-Haute-Provence",
    "code_departement": "04",
    "region": "Provence-Alpes-Côte d'Azur",
    "code_region": "93",
    "horaires_jour": "Automate-24-24, Lundi 08.00-12.00 et 14.00-19.00, Mardi 08.00-12.00 et 14.00-19.00, Mercredi 08.00-12.00 et 14.00-19.00, Jeudi 08.00-12.00 et 14.00-19.00, Vendredi 08.00-12.00 et 14.00-19.00, Samedi 09.00-12.00 et 16.00-19.00, Dimanche 09.00-12.00 et 16.00-19.00"
  }
]