[
  {
    "id": 74800002,
    "latitude": "4607300",
    "longitude": "639200",
    "cp": "74800",
    "pop": "R",
    "adresse": "3515 Avenue du Mont-Blanc",
    "ville": "Saint-Pierre-en-Faucigny",
    "services": null,
    "prix": "[{\"@nom\": \"Gazole\", \"@id\": \"1\", \"@maj\": \"2026-02-21 10:12:00\", \"@valeur\": \"1.725\"}, {\"@nom\": \"E85\", \"@id\": \"3\", \"@maj\": \"2026-02-21 10:12:00\", \"@valeur\": \"0.853\"}, {\"@nom\": \"E10\", \"@id\": \"5\", \"@maj\": \"2026-02-21 10:12:00\", \"@valeur\": \"1.735\"}, {\"@nom\": \"SP98\", \"@id\": \"6\", \"@maj\": \"2026-02-21 10:12:00\", \"@valeur\": \"1.855\"}]",
    "rupture": "{\"@nom\": \"SP95\", \"@id\": \"2\", \"@debut\": \"2012-01-19 17:10:00\", \"@fin\": \"\", \"@type\": \"\"}",
    "horaires": "{\"@automate-24-24\": \"\", \"jour\": [{\"@id\": \"1\", \"@nom\": \"Lundi\", \"@ferme\": \"\"}, {\"@id\": \"2\", \"@nom\": \"Mardi\", \"@ferme\": \"\"}, {\"@id\": \"3\", \"@nom\": \"Mercredi\", \"@ferme\": \"\"}, {\"@id\": \"4\", \"@nom\": \"Jeudi\", \"@ferme\": \"\"}, {\"@id\": \"5\", \"@nom\": \"Vendredi\", \"@ferme\": \"\"}, {\"@id\": \"6\", \"@nom\": \"Samedi\", \"@ferme\": \"\"}, {\"@id\": \"7\", \"@nom\": \"Dimanche\", \"@ferme\": \"\"}]}",
    "geom": {
      "lon": 6.392,
      "lat": 46.073
    },
    "gazole_maj": "2026-02-21T11:12:00+01:00",
    "gazole_prix": 1.725,
    "sp95_maj": null,
    "sp95_prix": null,
    "e85_maj": "2026-02-21T11:12:00+01:00",
    "e85_prix": 0.853,
    "gplc_maj": null,
    "gplc_prix": null,
    "e10_maj": "2026-02-21T11:12:00+01:00",
    "e10_prix": 1.735,
    "sp98_maj": "2026-02-21T11:12:00+01:00",
    "sp98_prix": 1.855,
    "e10_rupture_debut": null,
    "e10_rupture_type": null,
    "sp98_rupture_debut": null,
    "sp98_rupture_type": null,
    "sp95_rupture_debut": null,
    "sp95_rupture_type": null,
    "e85_rupture_debut": null,
    "e85_rupture_type": null,
    "gplc_rupture_debut": null,
    "gplc_rupture_type": null,
    "gazole_rupture_debut": null,
    "gazole_rupture_type": null,
    "carburants_disponibles": [
      "Gazole",
      "E85",
      "E10",
      "SP98"
    ],
    "carburants_indisponibles": [
      "SP95",
      "GPLc"
    ],
    "carburants_rupture_temporaire": null,
    "carburants_rupture_definitive": null,
    "horaires_automate_24_24": "Non",
    "services_service": null,
    "departement": "Haute-Savoie",
    "code_departement": "74",
    "region": "Auvergne-Rhône-Alpes",
    "code_region": "84",
    "horaires_jour": null
  }
]