[
  {
    "id": 42000018,
    "latitude": "4545700",
    "longitude": "440600",
    "cp": "42000",
    "pop": "R",
    "adresse": "21, RUE NECKER",
    "ville": "Saint-Étienne",
    "services": "{\"service\": [\"Boutique alimentaire\", \"Station de gonflage\", \"Carburant additivé\", \"Piste poids lourds\", \"Lavage automatique\", \"Lavage manuel\", \"Vente de gaz domestique (Butane, Propane)\", \"Vente d'additifs carburants\"]}",
    "prix": "[{\"@nom\": \"Gazole\", \"@id\": \"1\", \"@maj\": \"2025-03-05 06:00:00\", \"@valeur\": \"1.849\"}, {\"@nom\": \"E10\", \"@id\": \"5\", \"@maj\": \"2025-03-05 06:00:00\", \"@valeur\": \"1.899\"}, {\"@nom\": \"SP98\", \"@id\": \"6\", \"@maj\": \"2025-03-05 06:00:00\", \"@valeur\": \"1.999\"}]",
    "rupture": "[{\"@nom\": \"GPLc\", \"@id\": \"4\", \"@debut\": \"2021-09-29 13:57:25\", \"@fin\": \"\", \"@type\": \"definitive\"}, {\"@nom\": \"SP95\", \"@id\": \"2\", \"@debut\": \"2022-11-15 16:58:32\", \"@fin\": \"\", \"@type\": \"definitive\"}, {\"@nom\": \"E85\", \"@id\": \"3\", \"@debut\": \"2022-11-15 16:58:32\", \"@fin\": \"\", \"@type\": \"definitive\"}]",
    "horaires": "{\"@automate-24-24\": \"\", \"jour\": [{\"@id\": \"1\", \"@nom\": \"Lundi\", \"@ferme\": \"\", \"horaire\": {\"@ouverture\": \"06.00\", \"@fermeture\": \"19.00\"}}, {\"@id\": \"2\", \"@nom\": \"Mardi\", \"@ferme\": \"\", \"horaire\": {\"@ouverture\": \"06.00\", \"@fermeture\": \"19.00\"}}, {\"@id\": \"3\", \"@nom\": \"Mercredi\", \"@ferme\": \"\", \"horaire\": {\"@ouverture\": \"06.00\", \"@fermeture\": \"19.00\"}}, {\"@id\": \"4\", \"@nom\": \"Jeudi\", \"@ferme\": \"\", \"horaire\": {\"@ouverture\": \"06.00\", \"@fermeture\": \"19.00\"}}, {\"@id\": \"5\", \"@nom\": \"Vendredi\", \"@ferme\": \"\", \"horaire\": {\"@ouverture\": \"06.00\", \"@fermeture\": \"19.00\"}}, {\"@id\": \"6\", \"@nom\": \"Samedi\", \"@ferme\": \"\", \"horaire\": {\"@ouverture\": \"00.00\", \"@fermeture\": \"00.00\"}}, {\"@id\": \"7\", \"@nom\": \"Dimanche\", \"@ferme\": \"1\"}]}",
    "geom": {
      "lon": 4.406,
      "lat": 45.457
    },
    "gazole_maj": "2025-03-05T07:00:00+01:00",
    "gazole_prix": 1.849,
    "sp95_maj": null,
    "sp95_prix": null,
    "e85_maj": null,
    "e85_prix": null,
    "gplc_maj": null,
    "gplc_prix": null,
    "e10_maj": "2025-03-05T07:00:00+01:00",
    "e10_prix": 1.899,
    "sp98_maj": "2025-03-05T07:00:00+01:00",
    "sp98_prix": 1.999,
    "e10_rupture_debut": null,
    "e10_rupture_type": null,
    "sp98_rupture_debut": null,
    "sp98_rupture_type": null,
    "sp95_rupture_debut": "2022-11-15T17:58:32+01:00",
    "sp95_rupture_type": "definitive",
    "e85_rupture_debut": "2022-11-15T17:58:32+01:00",
    "e85_rupture_type": "definitive",
    "gplc_rupture_debut": "2021-09-29T15:57:25+02:00",
    "gplc_rupture_type": "definitive",
    "gazole_rupture_debut": null,
    "gazole_rupture_type": null,
    "carburants_disponibles": [
      "Gazole",
      "E10",
      "SP98"
    ],
    "carburants_indisponibles": [
      "SP95",
      "E85",
      "GPLc"
    ],
    "carburants_rupture_temporaire": null,
    "carburants_rupture_definitive": "SP95;E85;GPLc",
    "horaires_automate_24_24": "Non",
    "services_service": [
      "Boutique alimentaire",
      "Station de gonflage",
      "Carburant additivé",
      "Piste poids lourds",
      "Lavage automatique",
      "Lavage manuel",
      "Vente de gaz domestique (Butane, Propane)",
      "Vente d'additifs carburants"
    ],
    "departement": "Loire",
    "code_departement": "42",
    "region": "Auvergne-Rhône-Alpes",
    "code_region": "84",
    "horaires_jour": "Lundi06.00-19.00, Mardi06.00-19.00, Mercredi06.00-19.00, Jeudi06.00-19.00, Vendredi06.00-19.00, Samedi00.00-00.00, Dimanche"
  },
  {
    "id": 42100005,
    "latitude": "4543300",
    "longitude": "441500",
    "cp": "42100",
    "pop": "R",
    "adresse": "36 Rue de Terrenoire",
    "ville": "Saint-Étienne",
    "services": null,
    "prix": "[{\"@nom\": \"Gazole\", \"@id\": \"1\", \"@maj\": \"2026-01-02 06:30:00\", \"@valeur\": \"1.645\"}, {\"@nom\": \"E10\", \"@id\": \"5\", \"@maj\": \"2026-01-02 06:30:00\", \"@valeur\": \"1.664\"}, {\"@nom\": \"SP98\", \"@id\": \"6\", \"@maj\": \"2026-01-02 06:30:00\", \"@valeur\": \"1.779\"}]",
    "rupture": "[{\"@nom\": \"SP95\", \"@id\": \"2\", \"@debut\": \"2010-09-10 17:27:00\", \"@fin\": \"\", \"@type\": \"\"}, {\"@nom\": \"E85\", \"@id\": \"3\", \"@debut\": \"2022-03-29 18:03:22\", \"@fin\": \"\", \"@type\": \"definitive\"}]",
    "horaires": "{\"@automate-24-24\": \"\", \"jour\": [{\"@id\": \"1\", \"@nom\": \"Lundi\", \"@ferme\": \"\"}, {\"@id\": \"2\", \"@nom\": \"Mardi\", \"@ferme\": \"\"}, {\"@id\": \"3\", \"@nom\": \"Mercredi\", \"@ferme\": \"\"}, {\"@id\": \"4\", \"@nom\": \"Jeudi\", \"@ferme\": \"\"}, {\"@id\": \"5\", \"@nom\": \"Vendredi\", \"@ferme\": \"\"}, {\"@id\": \"6\", \"@nom\": \"Samedi\", \"@ferme\": \"\"}, {\"@id\": \"7\", \"@nom\": \"Dimanche\", \"@ferme\": \"\"}]}",
    "geom": {
      "lon": 4.415,
      "lat": 45.433
    },
    "gazole_maj": "2026-01-02T07:30:00+01:00",
    "gazole_prix": 1.645,
    "sp95_maj": null,
    "sp95_prix": null,
    "e85_maj": null,
    "e85_prix": null,
    "gplc_maj": null,
    "gplc_prix": null,
    "e10_maj": "2026-01-02T07:30:00+01:00",
    "e10_prix": 1.664,
    "sp98_maj": "2026-01-02T07:30:00+01:00",
    "sp98_prix": 1.779,
    "e10_rupture_debut": null,
    "e10_rupture_type": null,
    "sp98_rupture_debut": null,
    "sp98_rupture_type": null,
    "sp95_rupture_debut": null,
    "sp95_rupture_type": null,
    "e85_rupture_debut": "2022-03-29T20:03:22+02:00",
    "e85_rupture_type": "definitive",
    "gplc_rupture_debut": null,
    "gplc_rupture_type": null,
    "gazole_rupture_debut": null,
    "gazole_rupture_type": null,
    "carburants_disponibles": [
      "Gazole",
      "E10",
      "SP98"
    ],
    "carburants_indisponibles": [
      "SP95",
      "E85",
      "GPLc"
    ],
    "carburants_rupture_temporaire": null,
    "carburants_rupture_definitive": "E85",
    "horaires_automate_24_24": "Non",
    "services_service": null,
    "departement": "Loire",
    "code_departement": "42",
    "region": "Auvergne-Rhône-Alpes",
    "code_region": "84",
    "horaires_jour": null
  },
  {
    "id": 42100017,
    "latitude": "4542200",
    "longitude": "439700",
    "cp": "42100",
    "pop": "R",
    "adresse": "148 RUE ANTOINE DURAFOUR",
    "ville": "Saint-Étienne",
    "services": null,
    "prix": "{\"@nom\": \"Gazole\", \"@id\": \"1\", \"@maj\": \"2026-01-05 00:01:00\", \"@valeur\": \"1.682\"}",
    "rupture": "[{\"@nom\": \"E10\", \"@id\": \"5\", \"@debut\": \"2025-08-06 08:02:33\", \"@fin\": \"\", \"@type\": \"temporaire\"}, {\"@nom\": \"E85\", \"@id\": \"3\", \"@debut\": \"2025-08-06 08:03:05\", \"@fin\": \"\", \"@type\": \"temporaire\"}, {\"@nom\": \"GPLc\", \"@id\": \"4\", \"@debut\": \"2025-08-06 08:03:05\", \"@fin\": \"\", \"@type\": \"temporaire\"}, {\"@nom\": \"SP95\", \"@id\": \"2\", \"@debut\": \"2025-08-06 08:03:59\", \"@fin\": \"\", \"@type\": \"temporaire\"}, {\"@nom\": \"SP98\", \"@id\": \"6\", \"@debut\": \"2025-10-17 09:17:26\", \"@fin\": \"\", \"@type\": \"temporaire\"}]",
    "horaires": "{\"@automate-24-24\": \"\", \"jour\": [{\"@id\": \"1\", \"@nom\": \"Lundi\", \"@ferme\": \"\"}, {\"@id\": \"2\", \"@nom\": \"Mardi\", \"@ferme\": \"\"}, {\"@id\": \"3\", \"@nom\": \"Mercredi\", \"@ferme\": \"\"}, {\"@id\": \"4\", \"@nom\": \"Jeudi\", \"@ferme\": \"\"}, {\"@id\": \"5\", \"@nom\": \"Vendredi\", \"@ferme\": \"\"}, {\"@id\": \"6\", \"@nom\": \"Samedi\", \"@ferme\": \"\"}, {\"@id\": \"7\", \"@nom\": \"Dimanche\", \"@ferme\": \"\"}]}",
    "geom": {
      "lon": 4.397,
      "lat": 45.422
    },
    "gazole_maj": "2026-01-05T01:01:00+01:00",
    "gazole_prix": 1.682,
    "sp95_maj": null,
    "sp95_prix": null,
    "e85_maj": null,
    "e85_prix": null,
    "gplc_maj": null,
    "gplc_prix": null,
    "e10_maj": null,
    "e10_prix": null,
    "sp98_maj": null,
    "sp98_prix": null,
    "e10_rupture_debut": "2025-08-06T10:02:33+02:00",
    "e10_rupture_type": "temporaire",
    "sp98_rupture_debut": "2025-10-17T11:17:26+02:00",
    "sp98_rupture_type": "temporaire",
    "sp95_rupture_debut": "2025-08-06T10:03:59+02:00",
    "sp95_rupture_type": "temporaire",
    "e85_rupture_debut": "2025-08-06T10:03:05+02:00",
    "e85_rupture_type": "temporaire",
    "gplc_rupture_debut": "2025-08-06T10:03:05+02:00",
    "gplc_rupture_type": "temporaire",
    "gazole_rupture_debut": null,
    "gazole_rupture_type": null,
    "carburants_disponibles": [
      "Gazole"
    ],
    "carburants_indisponibles": [
      "SP95",
      "E85",
      "GPLc",
      "E10",
      "SP98"
    ],
    "carburants_rupture_temporaire": "SP95;E85;GPLc;E10;SP98",
    "carburants_rupture_definitive": null,
    "horaires_automate_24_24": "Non",
    "services_service": null,
    "departement": "Loire",
    "code_departement": "42",
    "region": "Auvergne-Rhône-Alpes",
    "code_region": "84",
    "horaires_jour": null
  },
  {
    "id": 42000019,
    "latitude": "4546000",
    "longitude": "439700",
    "cp": "42000",
    "pop": "R",
    "adresse": "114-114 rue des Aciéries",
    "ville": "Saint-Étienne",
    "services": "{\"service\": [\"Toilettes publiques\", \"Boutique alimentaire\", \"Station de gonflage\", \"Carburant additivé\", \"Piste poids lourds\", \"Lavage automatique\"]}",
    "prix": "[{\"@nom\": \"Gazole\", \"@id\": \"1\", \"@maj\": \"2026-01-04 20:30:00\", \"@valeur\": \"1.689\"}, {\"@nom\": \"E85\", \"@id\": \"3\", \"@maj\": \"2026-01-04 20:30:00\", \"@valeur\": \"0.829\"}, {\"@nom\": \"E10\", \"@id\": \"5\", \"@maj\": \"2026-01-04 20:30:00\", \"@valeur\": \"1.779\"}, {\"@nom\": \"SP98\", \"@id\": \"6\", \"@maj\": \"2026-01-04 20:30:00\", \"@valeur\": \"1.879\"}]",
    "rupture": "[{\"@nom\": \"SP95\", \"@id\": \"2\", \"@debut\": \"2018-11-02 17:36:59\", \"@fin\": \"\", \"@type\": \"definitive\"}, {\"@nom\": \"GPLc\", \"@id\": \"4\", \"@debut\": \"2018-11-02 17:36:59\", \"@fin\": \"\", \"@type\": \"definitive\"}]",
    "horaires": "{\"@automate-24-24\": \"\", \"jour\": [{\"@id\": \"1\", \"@nom\": \"Lundi\", \"@ferme\": \"\", \"horaire\": {\"@ouverture\": \"06.00\", \"@fermeture\": \"21.00\"}}, {\"@id\": \"2\", \"@nom\": \"Mardi\", \"@ferme\": \"\", \"horaire\": {\"@ouverture\": \"06.00\", \"@fermeture\": \"21.00\"}}, {\"@id\": \"3\", \"@nom\": \"Mercredi\", \"@ferme\": \"\", \"horaire\": {\"@ouverture\": \"06.00\", \"@fermeture\": \"21.00\"}}, {\"@id\": \"4\", \"@nom\": \"Jeudi\", \"@ferme\": \"\", \"horaire\": {\"@ouverture\": \"06.00\", \"@fermeture\": \"21.00\"}}, {\"@id\": \"5\", \"@nom\": \"Vendredi\", \"@ferme\": \"\", \"horaire\": {\"@ouverture\": \"06.00\", \"@fermeture\": \"21.00\"}}, {\"@id\": \"6\", \"@nom\": \"Samedi\", \"@ferme\": \"\", \"horaire\": {\"@ouverture\": \"07.00\", \"@fermeture\": \"21.00\"}}, {\"@id\": \"7\", \"@nom\": \"Dimanche\", \"@ferme\": \"\", \"horaire\": {\"@ouverture\": \"07.00\", \"@fermeture\": \"21.00\"}}]}",
    "geom": {
      "lon": 4.397,
      "lat": 45.46
    },
    "gazole_maj": "2026-01-04T21:30:00+01:00",
    "gazole_prix": 1.689,
    "sp95_maj": null,
    "sp95_prix": null,
    "e85_maj": "2026-01-04T21:30:00+01:00",
    "e85_prix": 0.829,
    "gplc_maj": null,
    "gplc_prix": null,
    "e10_maj": "2026-01-04T21:30:00+01:00",
    "e10_prix": 1.779,
    "sp98_maj": "2026-01-04T21:30:00+01:00",
    "sp98_prix": 1.879,
    "e10_rupture_debut": null,
    "e10_rupture_type": null,
    "sp98_rupture_debut": null,
    "sp98_rupture_type": null,
    "sp95_rupture_debut": "2018-11-02T18:36:59+01:00",
    "sp95_rupture_type": "definitive",
    "e85_rupture_debut": null,
    "e85_rupture_type": null,
    "gplc_rupture_debut": "2018-11-02T18:36:59+01:00",
    "gplc_rupture_type": "definitive",
    "gazole_rupture_debut": null,
    "gazole_rupture_type": null,
    "carburants_disponibles": [
      "Gazole",
      "E85",
      "E10",
      "SP98"
    ],
    "carburants_indisponibles": [
      "SP95",
      "GPLc"
    ],
    "carburants_rupture_temporaire": null,
    "carburants_rupture_definitive": "SP95;GPLc",
    "horaires_automate_24_24": "Non",
    "services_service": [
      "Toilettes publiques",
      "Boutique alimentaire",
      "Station de gonflage",
      "Carburant additivé",
      "Piste poids lourds",
      "Lavage automatique"
    ],
    "departement": "Loire",
    "code_departement": "42",
    "region": "Auvergne-Rhône-Alpes",
    "code_region": "84",
    "horaires_jour": "Lundi06.00-21.00, Mardi06.00-21.00, Mercredi06.00-21.00, Jeudi06.00-21.00, Vendredi06.00-21.00, Samedi07.00-21.00, Dimanche07.00-21.00"
  }
]