[
  {
    "id": 38590001,
    "latitude": "4535400",
    "longitude": "533400",
    "cp": "38590",
    "pop": "R",
    "adresse": "2 CHEMIN DE LA PIERRE ZONE COMMERCIALE",
    "ville": "Saint-Étienne-de-Saint-Geoirs",
    "services": "{\"service\": [\"Toilettes publiques\", \"Laverie\", \"Relais colis\", \"Boutique non alimentaire\", \"Restauration à emporter\", \"Restauration sur place\", \"Bar\", \"Station de gonflage\", \"Aire de camping-cars\", \"Location de véhicule\", \"Lavage automatique\", \"Lavage manuel\", \"Vente de gaz domestique (Butane, Propane)\", \"Wifi\", \"Automate CB 24/24\", \"DAB (Distributeur automatique de billets)\"]}",
    "prix": "[{\"@nom\": \"Gazole\", \"@id\": \"1\", \"@maj\": \"2025-11-17 08:25:00\", \"@valeur\": \"1.649\"}, {\"@nom\": \"E85\", \"@id\": \"3\", \"@maj\": \"2025-10-25 07:45:56\", \"@valeur\": \"0.678\"}, {\"@nom\": \"E10\", \"@id\": \"5\", \"@maj\": \"2025-11-17 08:25:00\", \"@valeur\": \"1.679\"}, {\"@nom\": \"SP98\", \"@id\": \"6\", \"@maj\": \"2025-11-17 08:25:00\", \"@valeur\": \"1.769\"}]",
    "rupture": "[{\"@nom\": \"GPLc\", \"@id\": \"4\", \"@debut\": \"2017-08-29 15:02:52\", \"@fin\": \"\", \"@type\": \"definitive\"}, {\"@nom\": \"SP95\", \"@id\": \"2\", \"@debut\": \"2023-09-05 11:35:57\", \"@fin\": \"\", \"@type\": \"definitive\"}]",
    "horaires": "{\"@automate-24-24\": \"1\", \"jour\": [{\"@id\": \"1\", \"@nom\": \"Lundi\", \"@ferme\": \"\", \"horaire\": {\"@ouverture\": \"08.30\", \"@fermeture\": \"19.30\"}}, {\"@id\": \"2\", \"@nom\": \"Mardi\", \"@ferme\": \"\", \"horaire\": {\"@ouverture\": \"08.30\", \"@fermeture\": \"19.30\"}}, {\"@id\": \"3\", \"@nom\": \"Mercredi\", \"@ferme\": \"\", \"horaire\": {\"@ouverture\": \"08.30\", \"@fermeture\": \"19.30\"}}, {\"@id\": \"4\", \"@nom\": \"Jeudi\", \"@ferme\": \"\", \"horaire\": {\"@ouverture\": \"08.30\", \"@fermeture\": \"19.30\"}}, {\"@id\": \"5\", \"@nom\": \"Vendredi\", \"@ferme\": \"\", \"horaire\": {\"@ouverture\": \"08.30\", \"@fermeture\": \"19.30\"}}, {\"@id\": \"6\", \"@nom\": \"Samedi\", \"@ferme\": \"\", \"horaire\": {\"@ouverture\": \"08.30\", \"@fermeture\": \"19.30\"}}, {\"@id\": \"7\", \"@nom\": \"Dimanche\", \"@ferme\": \"1\"}]}",
    "geom": {
      "lon": 5.334,
      "lat": 45.354
    },
    "gazole_maj": "2025-11-17T09:25:00+01:00",
    "gazole_prix": 1.649,
    "sp95_maj": null,
    "sp95_prix": null,
    "e85_maj": "2025-10-25T09:45:56+02:00",
    "e85_prix": 0.678,
    "gplc_maj": null,
    "gplc_prix": null,
    "e10_maj": "2025-11-17T09:25:00+01:00",
    "e10_prix": 1.679,
    "sp98_maj": "2025-11-17T09:25:00+01:00",
    "sp98_prix": 1.769,
    "e10_rupture_debut": null,
    "e10_rupture_type": null,
    "sp98_rupture_debut": null,
    "sp98_rupture_type": null,
    "sp95_rupture_debut": "2023-09-05T13:35:57+02:00",
    "sp95_rupture_type": "definitive",
    "e85_rupture_debut": null,
    "e85_rupture_type": null,
    "gplc_rupture_debut": "2017-08-29T17:02:52+02:00",
    "gplc_rupture_type": "definitive",
    "gazole_rupture_debut": null,
    "gazole_rupture_type": null,
    "carburants_disponibles": [
      "Gazole",
      "E85",
      "E10",
      "SP98"
    ],
    "carburants_indisponibles": [
      "SP95",
      "GPLc"
    ],
    "carburants_rupture_temporaire": null,
    "carburants_rupture_definitive": "SP95;GPLc",
    "horaires_automate_24_24": "Oui",
    "services_service": [
      "Toilettes publiques",
      "Laverie",
      "Relais colis",
      "Boutique non alimentaire",
      "Restauration à emporter",
      "Restauration sur place",
      "Bar",
      "Station de gonflage",
      "Aire de camping-cars",
      "Location de véhicule",
      "Lavage automatique",
      "Lavage manuel",
      "Vente de gaz domestique (Butane, Propane)",
      "Wifi",
      "Automate CB 24/24",
      "DAB (Distributeur automatique de billets)"
    ],
    "departement": "Isère",
    "code_departement": "38",
    "region": "Auvergne-Rhône-Alpes",
    "code_region": "84",
    "horaires_jour": "Automate-24-24, Lundi08.30-19.30, Mardi08.30-19.30, Mercredi08.30-19.30, Jeudi08.30-19.30, Vendredi08.30-19.30, Samedi08.30-19.30, Dimanche"
  }
]