[
  {
    "id": 43170002,
    "latitude": "4496900",
    "longitude": "354100",
    "cp": "43170",
    "pop": "R",
    "adresse": "ZI du Gray",
    "ville": "Saugues",
    "services": "{\"service\": [\"Piste poids lourds\", \"Lavage automatique\", \"Lavage manuel\", \"Automate CB 24/24\"]}",
    "prix": "[{\"@nom\": \"Gazole\", \"@id\": \"1\", \"@maj\": \"2026-01-28 15:24:42\", \"@valeur\": \"1.669\"}, {\"@nom\": \"SP95\", \"@id\": \"2\", \"@maj\": \"2025-12-24 10:03:16\", \"@valeur\": \"1.759\"}, {\"@nom\": \"SP98\", \"@id\": \"6\", \"@maj\": \"2025-12-24 10:03:16\", \"@valeur\": \"1.799\"}]",
    "rupture": null,
    "horaires": "{\"@automate-24-24\": \"1\", \"jour\": [{\"@id\": \"1\", \"@nom\": \"Lundi\", \"@ferme\": \"\"}, {\"@id\": \"2\", \"@nom\": \"Mardi\", \"@ferme\": \"\"}, {\"@id\": \"3\", \"@nom\": \"Mercredi\", \"@ferme\": \"\"}, {\"@id\": \"4\", \"@nom\": \"Jeudi\", \"@ferme\": \"\"}, {\"@id\": \"5\", \"@nom\": \"Vendredi\", \"@ferme\": \"\"}, {\"@id\": \"6\", \"@nom\": \"Samedi\", \"@ferme\": \"\"}, {\"@id\": \"7\", \"@nom\": \"Dimanche\", \"@ferme\": \"\"}]}",
    "geom": {
      "lon": 3.541,
      "lat": 44.969
    },
    "gazole_maj": "2026-01-28T16:24:42+01:00",
    "gazole_prix": 1.669,
    "sp95_maj": "2025-12-24T11:03:16+01:00",
    "sp95_prix": 1.759,
    "e85_maj": null,
    "e85_prix": null,
    "gplc_maj": null,
    "gplc_prix": null,
    "e10_maj": null,
    "e10_prix": null,
    "sp98_maj": "2025-12-24T11:03:16+01:00",
    "sp98_prix": 1.799,
    "e10_rupture_debut": null,
    "e10_rupture_type": null,
    "sp98_rupture_debut": null,
    "sp98_rupture_type": null,
    "sp95_rupture_debut": null,
    "sp95_rupture_type": null,
    "e85_rupture_debut": null,
    "e85_rupture_type": null,
    "gplc_rupture_debut": null,
    "gplc_rupture_type": null,
    "gazole_rupture_debut": null,
    "gazole_rupture_type": null,
    "carburants_disponibles": [
      "Gazole",
      "SP95",
      "SP98"
    ],
    "carburants_indisponibles": [
      "E85",
      "GPLc",
      "E10"
    ],
    "carburants_rupture_temporaire": null,
    "carburants_rupture_definitive": null,
    "horaires_automate_24_24": "Oui",
    "services_service": [
      "Piste poids lourds",
      "Lavage automatique",
      "Lavage manuel",
      "Automate CB 24/24"
    ],
    "departement": "Haute-Loire",
    "code_departement": "43",
    "region": "Auvergne-Rhône-Alpes",
    "code_region": "84",
    "horaires_jour": "Automate-24-24"
  },
  {
    "id": 43170004,
    "latitude": "4496347.7987",
    "longitude": "354343.84262423",
    "cp": "43170",
    "pop": "R",
    "adresse": "25 RUE LOUIS AMARGIER",
    "ville": "Saugues",
    "services": "{\"service\": [\"Vente de gaz domestique (Butane, Propane)\", \"Automate CB 24/24\"]}",
    "prix": "[{\"@nom\": \"Gazole\", \"@id\": \"1\", \"@maj\": \"2026-01-28 16:57:09\", \"@valeur\": \"1.669\"}, {\"@nom\": \"SP95\", \"@id\": \"2\", \"@maj\": \"2025-12-24 09:48:17\", \"@valeur\": \"1.759\"}, {\"@nom\": \"E10\", \"@id\": \"5\", \"@maj\": \"2025-12-24 09:48:17\", \"@valeur\": \"1.739\"}]",
    "rupture": "[{\"@nom\": \"E85\", \"@id\": \"3\", \"@debut\": \"2024-08-28 15:47:57\", \"@fin\": \"\", \"@type\": \"definitive\"}, {\"@nom\": \"GPLc\", \"@id\": \"4\", \"@debut\": \"2024-08-28 15:47:57\", \"@fin\": \"\", \"@type\": \"definitive\"}, {\"@nom\": \"SP98\", \"@id\": \"6\", \"@debut\": \"2024-08-28 15:47:58\", \"@fin\": \"\", \"@type\": \"definitive\"}]",
    "horaires": "{\"@automate-24-24\": \"1\", \"jour\": [{\"@id\": \"1\", \"@nom\": \"Lundi\", \"@ferme\": \"\"}, {\"@id\": \"2\", \"@nom\": \"Mardi\", \"@ferme\": \"\"}, {\"@id\": \"3\", \"@nom\": \"Mercredi\", \"@ferme\": \"\"}, {\"@id\": \"4\", \"@nom\": \"Jeudi\", \"@ferme\": \"\"}, {\"@id\": \"5\", \"@nom\": \"Vendredi\", \"@ferme\": \"\"}, {\"@id\": \"6\", \"@nom\": \"Samedi\", \"@ferme\": \"\"}, {\"@id\": \"7\", \"@nom\": \"Dimanche\", \"@ferme\": \"\"}]}",
    "geom": {
      "lon": 3.5434384262423,
      "lat": 44.963477987000005
    },
    "gazole_maj": "2026-01-28T17:57:09+01:00",
    "gazole_prix": 1.669,
    "sp95_maj": "2025-12-24T10:48:17+01:00",
    "sp95_prix": 1.759,
    "e85_maj": null,
    "e85_prix": null,
    "gplc_maj": null,
    "gplc_prix": null,
    "e10_maj": "2025-12-24T10:48:17+01:00",
    "e10_prix": 1.739,
    "sp98_maj": null,
    "sp98_prix": null,
    "e10_rupture_debut": null,
    "e10_rupture_type": null,
    "sp98_rupture_debut": "2024-08-28T17:47:58+02:00",
    "sp98_rupture_type": "definitive",
    "sp95_rupture_debut": null,
    "sp95_rupture_type": null,
    "e85_rupture_debut": "2024-08-28T17:47:57+02:00",
    "e85_rupture_type": "definitive",
    "gplc_rupture_debut": "2024-08-28T17:47:57+02:00",
    "gplc_rupture_type": "definitive",
    "gazole_rupture_debut": null,
    "gazole_rupture_type": null,
    "carburants_disponibles": [
      "Gazole",
      "SP95",
      "E10"
    ],
    "carburants_indisponibles": [
      "E85",
      "GPLc",
      "SP98"
    ],
    "carburants_rupture_temporaire": null,
    "carburants_rupture_definitive": "E85;GPLc;SP98",
    "horaires_automate_24_24": "Oui",
    "services_service": [
      "Vente de gaz domestique (Butane, Propane)",
      "Automate CB 24/24"
    ],
    "departement": "Haute-Loire",
    "code_departement": "43",
    "region": "Auvergne-Rhône-Alpes",
    "code_region": "84",
    "horaires_jour": "Automate-24-24"
  },
  {
    "id": 43170001,
    "latitude": "4495871",
    "longitude": "354987",
    "cp": "43170",
    "pop": "R",
    "adresse": "route du Puy",
    "ville": "Saugues",
    "services": "{\"service\": [\"Boutique alimentaire\", \"Boutique non alimentaire\", \"Vente de fioul domestique\", \"Station de gonflage\", \"Carburant additivé\", \"Piste poids lourds\", \"Lavage automatique\", \"Lavage manuel\", \"Services réparation / entretien\", \"DAB (Distributeur automatique de billets)\"]}",
    "prix": "[{\"@nom\": \"Gazole\", \"@id\": \"1\", \"@maj\": \"2026-01-30 13:18:35\", \"@valeur\": \"1.759\"}, {\"@nom\": \"E10\", \"@id\": \"5\", \"@maj\": \"2026-01-30 13:18:35\", \"@valeur\": \"1.789\"}, {\"@nom\": \"SP98\", \"@id\": \"6\", \"@maj\": \"2026-01-30 13:18:35\", \"@valeur\": \"1.859\"}]",
    "rupture": "[{\"@nom\": \"SP95\", \"@id\": \"2\", \"@debut\": \"2022-10-20 08:29:31\", \"@fin\": \"\", \"@type\": \"definitive\"}, {\"@nom\": \"E85\", \"@id\": \"3\", \"@debut\": \"2022-10-20 08:29:31\", \"@fin\": \"\", \"@type\": \"definitive\"}, {\"@nom\": \"GPLc\", \"@id\": \"4\", \"@debut\": \"2022-10-20 08:29:31\", \"@fin\": \"\", \"@type\": \"definitive\"}]",
    "horaires": null,
    "geom": {
      "lon": 3.54987,
      "lat": 44.95871
    },
    "gazole_maj": "2026-01-30T14:18:35+01:00",
    "gazole_prix": 1.759,
    "sp95_maj": null,
    "sp95_prix": null,
    "e85_maj": null,
    "e85_prix": null,
    "gplc_maj": null,
    "gplc_prix": null,
    "e10_maj": "2026-01-30T14:18:35+01:00",
    "e10_prix": 1.789,
    "sp98_maj": "2026-01-30T14:18:35+01:00",
    "sp98_prix": 1.859,
    "e10_rupture_debut": null,
    "e10_rupture_type": null,
    "sp98_rupture_debut": null,
    "sp98_rupture_type": null,
    "sp95_rupture_debut": "2022-10-20T10:29:31+02:00",
    "sp95_rupture_type": "definitive",
    "e85_rupture_debut": "2022-10-20T10:29:31+02:00",
    "e85_rupture_type": "definitive",
    "gplc_rupture_debut": "2022-10-20T10:29:31+02:00",
    "gplc_rupture_type": "definitive",
    "gazole_rupture_debut": null,
    "gazole_rupture_type": null,
    "carburants_disponibles": [
      "Gazole",
      "E10",
      "SP98"
    ],
    "carburants_indisponibles": [
      "SP95",
      "E85",
      "GPLc"
    ],
    "carburants_rupture_temporaire": null,
    "carburants_rupture_definitive": "SP95;E85;GPLc",
    "horaires_automate_24_24": "Non",
    "services_service": [
      "Boutique alimentaire",
      "Boutique non alimentaire",
      "Vente de fioul domestique",
      "Station de gonflage",
      "Carburant additivé",
      "Piste poids lourds",
      "Lavage automatique",
      "Lavage manuel",
      "Services réparation / entretien",
      "DAB (Distributeur automatique de billets)"
    ],
    "departement": "Haute-Loire",
    "code_departement": "43",
    "region": "Auvergne-Rhône-Alpes",
    "code_region": "84",
    "horaires_jour": null
  }
]