[
  {
    "id": 79130001,
    "latitude": "4661100",
    "longitude": "-41900",
    "cp": "79130",
    "pop": "R",
    "adresse": "PLACE DU MARCHE",
    "ville": "Secondigny",
    "services": "{\"service\": [\"Toilettes publiques\", \"Laverie\", \"Station de gonflage\", \"Location de véhicule\", \"Piste poids lourds\", \"Lavage automatique\", \"Lavage manuel\", \"Vente de gaz domestique (Butane, Propane)\", \"Automate CB 24/24\", \"DAB (Distributeur automatique de billets)\"]}",
    "prix": "[{\"@nom\": \"Gazole\", \"@id\": \"1\", \"@maj\": \"2026-01-15 09:09:18\", \"@valeur\": \"1.609\"}, {\"@nom\": \"E10\", \"@id\": \"5\", \"@maj\": \"2026-01-12 10:25:43\", \"@valeur\": \"1.639\"}, {\"@nom\": \"SP98\", \"@id\": \"6\", \"@maj\": \"2026-01-05 10:13:23\", \"@valeur\": \"1.729\"}]",
    "rupture": "[{\"@nom\": \"E85\", \"@id\": \"3\", \"@debut\": \"2017-09-04 11:38:53\", \"@fin\": \"\", \"@type\": \"definitive\"}, {\"@nom\": \"GPLc\", \"@id\": \"4\", \"@debut\": \"2017-09-04 11:38:53\", \"@fin\": \"\", \"@type\": \"definitive\"}, {\"@nom\": \"SP95\", \"@id\": \"2\", \"@debut\": \"2020-09-30 09:12:39\", \"@fin\": \"\", \"@type\": \"definitive\"}]",
    "horaires": "{\"@automate-24-24\": \"1\", \"jour\": [{\"@id\": \"1\", \"@nom\": \"Lundi\", \"@ferme\": \"\", \"horaire\": [{\"@ouverture\": \"09.00\", \"@fermeture\": \"12.30\"}, {\"@ouverture\": \"15.00\", \"@fermeture\": \"19.00\"}]}, {\"@id\": \"2\", \"@nom\": \"Mardi\", \"@ferme\": \"\", \"horaire\": [{\"@ouverture\": \"09.00\", \"@fermeture\": \"12.30\"}, {\"@ouverture\": \"15.00\", \"@fermeture\": \"19.00\"}]}, {\"@id\": \"3\", \"@nom\": \"Mercredi\", \"@ferme\": \"\", \"horaire\": [{\"@ouverture\": \"09.00\", \"@fermeture\": \"12.30\"}, {\"@ouverture\": \"15.00\", \"@fermeture\": \"19.00\"}]}, {\"@id\": \"4\", \"@nom\": \"Jeudi\", \"@ferme\": \"\", \"horaire\": [{\"@ouverture\": \"09.00\", \"@fermeture\": \"12.30\"}, {\"@ouverture\": \"15.00\", \"@fermeture\": \"19.00\"}]}, {\"@id\": \"5\", \"@nom\": \"Vendredi\", \"@ferme\": \"\", \"horaire\": [{\"@ouverture\": \"09.00\", \"@fermeture\": \"12.30\"}, {\"@ouverture\": \"15.00\", \"@fermeture\": \"19.00\"}]}, {\"@id\": \"6\", \"@nom\": \"Samedi\", \"@ferme\": \"\", \"horaire\": [{\"@ouverture\": \"09.00\", \"@fermeture\": \"12.30\"}, {\"@ouverture\": \"15.00\", \"@fermeture\": \"19.00\"}]}, {\"@id\": \"7\", \"@nom\": \"Dimanche\", \"@ferme\": \"\", \"horaire\": {\"@ouverture\": \"09.00\", \"@fermeture\": \"12.00\"}}]}",
    "geom": {
      "lon": -0.419,
      "lat": 46.611
    },
    "gazole_maj": "2026-01-15T10:09:18+01:00",
    "gazole_prix": 1.609,
    "sp95_maj": null,
    "sp95_prix": null,
    "e85_maj": null,
    "e85_prix": null,
    "gplc_maj": null,
    "gplc_prix": null,
    "e10_maj": "2026-01-12T11:25:43+01:00",
    "e10_prix": 1.639,
    "sp98_maj": "2026-01-05T11:13:23+01:00",
    "sp98_prix": 1.729,
    "e10_rupture_debut": null,
    "e10_rupture_type": null,
    "sp98_rupture_debut": null,
    "sp98_rupture_type": null,
    "sp95_rupture_debut": "2020-09-30T11:12:39+02:00",
    "sp95_rupture_type": "definitive",
    "e85_rupture_debut": "2017-09-04T13:38:53+02:00",
    "e85_rupture_type": "definitive",
    "gplc_rupture_debut": "2017-09-04T13:38:53+02:00",
    "gplc_rupture_type": "definitive",
    "gazole_rupture_debut": null,
    "gazole_rupture_type": null,
    "carburants_disponibles": [
      "Gazole",
      "E10",
      "SP98"
    ],
    "carburants_indisponibles": [
      "SP95",
      "E85",
      "GPLc"
    ],
    "carburants_rupture_temporaire": null,
    "carburants_rupture_definitive": "SP95;E85;GPLc",
    "horaires_automate_24_24": "Oui",
    "services_service": [
      "Toilettes publiques",
      "Laverie",
      "Station de gonflage",
      "Location de véhicule",
      "Piste poids lourds",
      "Lavage automatique",
      "Lavage manuel",
      "Vente de gaz domestique (Butane, Propane)",
      "Automate CB 24/24",
      "DAB (Distributeur automatique de billets)"
    ],
    "departement": "Deux-Sèvres",
    "code_departement": "79",
    "region": "Nouvelle-Aquitaine",
    "code_region": "75",
    "horaires_jour": "Automate-24-24, Lundi 09.00-12.30 et 15.00-19.00, Mardi 09.00-12.30 et 15.00-19.00, Mercredi 09.00-12.30 et 15.00-19.00, Jeudi 09.00-12.30 et 15.00-19.00, Vendredi 09.00-12.30 et 15.00-19.00, Samedi 09.00-12.30 et 15.00-19.00, Dimanche09.00-12.00"
  }
]