[
  {
    "id": 74320006,
    "latitude": "4586100",
    "longitude": "614100",
    "cp": "74320",
    "pop": "R",
    "adresse": "754 route d'Albertville",
    "ville": "Sevrier",
    "services": "{\"service\": [\"Boutique alimentaire\", \"Boutique non alimentaire\", \"Vente de gaz domestique (Butane, Propane)\", \"Automate CB 24/24\"]}",
    "prix": "[{\"@nom\": \"Gazole\", \"@id\": \"1\", \"@maj\": \"2025-10-28 07:25:12\", \"@valeur\": \"1.679\"}, {\"@nom\": \"SP95\", \"@id\": \"2\", \"@maj\": \"2025-10-28 07:25:12\", \"@valeur\": \"1.799\"}, {\"@nom\": \"E85\", \"@id\": \"3\", \"@maj\": \"2025-10-16 08:16:27\", \"@valeur\": \"0.819\"}, {\"@nom\": \"SP98\", \"@id\": \"6\", \"@maj\": \"2025-10-28 07:25:12\", \"@valeur\": \"1.849\"}]",
    "rupture": "[{\"@nom\": \"GPLc\", \"@id\": \"4\", \"@debut\": \"2024-06-11 14:58:02\", \"@fin\": \"\", \"@type\": \"definitive\"}, {\"@nom\": \"E10\", \"@id\": \"5\", \"@debut\": \"2024-06-11 14:58:02\", \"@fin\": \"\", \"@type\": \"definitive\"}]",
    "horaires": "{\"@automate-24-24\": \"1\", \"jour\": [{\"@id\": \"1\", \"@nom\": \"Lundi\", \"@ferme\": \"\", \"horaire\": {\"@ouverture\": \"07.30\", \"@fermeture\": \"19.30\"}}, {\"@id\": \"2\", \"@nom\": \"Mardi\", \"@ferme\": \"\", \"horaire\": {\"@ouverture\": \"07.30\", \"@fermeture\": \"19.30\"}}, {\"@id\": \"3\", \"@nom\": \"Mercredi\", \"@ferme\": \"\", \"horaire\": {\"@ouverture\": \"07.30\", \"@fermeture\": \"19.30\"}}, {\"@id\": \"4\", \"@nom\": \"Jeudi\", \"@ferme\": \"\", \"horaire\": {\"@ouverture\": \"07.30\", \"@fermeture\": \"19.30\"}}, {\"@id\": \"5\", \"@nom\": \"Vendredi\", \"@ferme\": \"\", \"horaire\": {\"@ouverture\": \"07.30\", \"@fermeture\": \"19.30\"}}, {\"@id\": \"6\", \"@nom\": \"Samedi\", \"@ferme\": \"\", \"horaire\": {\"@ouverture\": \"07.30\", \"@fermeture\": \"19.30\"}}, {\"@id\": \"7\", \"@nom\": \"Dimanche\", \"@ferme\": \"1\"}]}",
    "geom": {
      "lon": 6.141,
      "lat": 45.861
    },
    "gazole_maj": "2025-10-28T08:25:12+01:00",
    "gazole_prix": 1.679,
    "sp95_maj": "2025-10-28T08:25:12+01:00",
    "sp95_prix": 1.799,
    "e85_maj": "2025-10-16T10:16:27+02:00",
    "e85_prix": 0.819,
    "gplc_maj": null,
    "gplc_prix": null,
    "e10_maj": null,
    "e10_prix": null,
    "sp98_maj": "2025-10-28T08:25:12+01:00",
    "sp98_prix": 1.849,
    "e10_rupture_debut": "2024-06-11T16:58:02+02:00",
    "e10_rupture_type": "definitive",
    "sp98_rupture_debut": null,
    "sp98_rupture_type": null,
    "sp95_rupture_debut": null,
    "sp95_rupture_type": null,
    "e85_rupture_debut": null,
    "e85_rupture_type": null,
    "gplc_rupture_debut": "2024-06-11T16:58:02+02:00",
    "gplc_rupture_type": "definitive",
    "gazole_rupture_debut": null,
    "gazole_rupture_type": null,
    "carburants_disponibles": [
      "Gazole",
      "SP95",
      "E85",
      "SP98"
    ],
    "carburants_indisponibles": [
      "GPLc",
      "E10"
    ],
    "carburants_rupture_temporaire": null,
    "carburants_rupture_definitive": "GPLc;E10",
    "horaires_automate_24_24": "Oui",
    "services_service": [
      "Boutique alimentaire",
      "Boutique non alimentaire",
      "Vente de gaz domestique (Butane, Propane)",
      "Automate CB 24/24"
    ],
    "departement": "Haute-Savoie",
    "code_departement": "74",
    "region": "Auvergne-Rhône-Alpes",
    "code_region": "84",
    "horaires_jour": "Automate-24-24, Lundi07.30-19.30, Mardi07.30-19.30, Mercredi07.30-19.30, Jeudi07.30-19.30, Vendredi07.30-19.30, Samedi07.30-19.30, Dimanche"
  },
  {
    "id": 74320001,
    "latitude": "4584501",
    "longitude": "615048",
    "cp": "74320",
    "pop": "R",
    "adresse": "75 Route des Pontets",
    "ville": "Sevrier",
    "services": "{\"service\": [\"Vente de gaz domestique (Butane, Propane)\", \"Automate CB 24/24\", \"DAB (Distributeur automatique de billets)\"]}",
    "prix": "[{\"@nom\": \"Gazole\", \"@id\": \"1\", \"@maj\": \"2025-10-31 09:26:00\", \"@valeur\": \"1.600\"}, {\"@nom\": \"SP95\", \"@id\": \"2\", \"@maj\": \"2025-10-31 09:26:01\", \"@valeur\": \"1.751\"}, {\"@nom\": \"SP98\", \"@id\": \"6\", \"@maj\": \"2025-10-30 13:43:09\", \"@valeur\": \"1.761\"}]",
    "rupture": "[{\"@nom\": \"E85\", \"@id\": \"3\", \"@debut\": \"2018-07-05 13:25:41\", \"@fin\": \"\", \"@type\": \"definitive\"}, {\"@nom\": \"GPLc\", \"@id\": \"4\", \"@debut\": \"2018-07-05 13:25:41\", \"@fin\": \"\", \"@type\": \"definitive\"}, {\"@nom\": \"E10\", \"@id\": \"5\", \"@debut\": \"2025-06-23 10:28:48\", \"@fin\": \"\", \"@type\": \"definitive\"}]",
    "horaires": "{\"@automate-24-24\": \"1\", \"jour\": [{\"@id\": \"1\", \"@nom\": \"Lundi\", \"@ferme\": \"\"}, {\"@id\": \"2\", \"@nom\": \"Mardi\", \"@ferme\": \"\"}, {\"@id\": \"3\", \"@nom\": \"Mercredi\", \"@ferme\": \"\"}, {\"@id\": \"4\", \"@nom\": \"Jeudi\", \"@ferme\": \"\"}, {\"@id\": \"5\", \"@nom\": \"Vendredi\", \"@ferme\": \"\"}, {\"@id\": \"6\", \"@nom\": \"Samedi\", \"@ferme\": \"\"}, {\"@id\": \"7\", \"@nom\": \"Dimanche\", \"@ferme\": \"\"}]}",
    "geom": {
      "lon": 6.15048,
      "lat": 45.84501
    },
    "gazole_maj": "2025-10-31T10:26:00+01:00",
    "gazole_prix": 1.6,
    "sp95_maj": "2025-10-31T10:26:01+01:00",
    "sp95_prix": 1.751,
    "e85_maj": null,
    "e85_prix": null,
    "gplc_maj": null,
    "gplc_prix": null,
    "e10_maj": null,
    "e10_prix": null,
    "sp98_maj": "2025-10-30T14:43:09+01:00",
    "sp98_prix": 1.761,
    "e10_rupture_debut": "2025-06-23T12:28:48+02:00",
    "e10_rupture_type": "definitive",
    "sp98_rupture_debut": null,
    "sp98_rupture_type": null,
    "sp95_rupture_debut": null,
    "sp95_rupture_type": null,
    "e85_rupture_debut": "2018-07-05T15:25:41+02:00",
    "e85_rupture_type": "definitive",
    "gplc_rupture_debut": "2018-07-05T15:25:41+02:00",
    "gplc_rupture_type": "definitive",
    "gazole_rupture_debut": null,
    "gazole_rupture_type": null,
    "carburants_disponibles": [
      "Gazole",
      "SP95",
      "SP98"
    ],
    "carburants_indisponibles": [
      "E85",
      "GPLc",
      "E10"
    ],
    "carburants_rupture_temporaire": null,
    "carburants_rupture_definitive": "E85;GPLc;E10",
    "horaires_automate_24_24": "Oui",
    "services_service": [
      "Vente de gaz domestique (Butane, Propane)",
      "Automate CB 24/24",
      "DAB (Distributeur automatique de billets)"
    ],
    "departement": "Haute-Savoie",
    "code_departement": "74",
    "region": "Auvergne-Rhône-Alpes",
    "code_region": "84",
    "horaires_jour": "Automate-24-24"
  }
]