[
  {
    "id": 83210004,
    "latitude": "4320237.088342",
    "longitude": "605036.1038462",
    "cp": "83210",
    "pop": "R",
    "adresse": "ZAC DE LA POULASSE",
    "ville": "Solliès-Pont",
    "services": "{\"service\": [\"Station de gonflage\", \"Carburant additivé\", \"Piste poids lourds\", \"Lavage automatique\", \"Vente de gaz domestique (Butane, Propane)\", \"Vente d'additifs carburants\", \"Automate CB 24/24\"]}",
    "prix": "[{\"@nom\": \"Gazole\", \"@id\": \"1\", \"@maj\": \"2026-02-20 14:19:50\", \"@valeur\": \"1.559\"}, {\"@nom\": \"E85\", \"@id\": \"3\", \"@maj\": \"2026-01-16 09:39:26\", \"@valeur\": \"0.749\"}, {\"@nom\": \"E10\", \"@id\": \"5\", \"@maj\": \"2026-02-20 14:19:50\", \"@valeur\": \"1.589\"}, {\"@nom\": \"SP98\", \"@id\": \"6\", \"@maj\": \"2026-02-20 14:19:51\", \"@valeur\": \"1.699\"}]",
    "rupture": "[{\"@nom\": \"GPLc\", \"@id\": \"4\", \"@debut\": \"2016-05-23 00:00:00\", \"@fin\": \"\", \"@type\": \"\"}, {\"@nom\": \"SP95\", \"@id\": \"2\", \"@debut\": \"2022-07-12 11:14:59\", \"@fin\": \"\", \"@type\": \"temporaire\"}]",
    "horaires": "{\"@automate-24-24\": \"1\", \"jour\": [{\"@id\": \"1\", \"@nom\": \"Lundi\", \"@ferme\": \"\"}, {\"@id\": \"2\", \"@nom\": \"Mardi\", \"@ferme\": \"\"}, {\"@id\": \"3\", \"@nom\": \"Mercredi\", \"@ferme\": \"\"}, {\"@id\": \"4\", \"@nom\": \"Jeudi\", \"@ferme\": \"\"}, {\"@id\": \"5\", \"@nom\": \"Vendredi\", \"@ferme\": \"\"}, {\"@id\": \"6\", \"@nom\": \"Samedi\", \"@ferme\": \"\"}, {\"@id\": \"7\", \"@nom\": \"Dimanche\", \"@ferme\": \"\"}]}",
    "geom": {
      "lon": 6.050361038462,
      "lat": 43.202370883419995
    },
    "gazole_maj": "2026-02-20T15:19:50+01:00",
    "gazole_prix": 1.559,
    "sp95_maj": null,
    "sp95_prix": null,
    "e85_maj": "2026-01-16T10:39:26+01:00",
    "e85_prix": 0.749,
    "gplc_maj": null,
    "gplc_prix": null,
    "e10_maj": "2026-02-20T15:19:50+01:00",
    "e10_prix": 1.589,
    "sp98_maj": "2026-02-20T15:19:51+01:00",
    "sp98_prix": 1.699,
    "e10_rupture_debut": null,
    "e10_rupture_type": null,
    "sp98_rupture_debut": null,
    "sp98_rupture_type": null,
    "sp95_rupture_debut": "2022-07-12T13:14:59+02:00",
    "sp95_rupture_type": "temporaire",
    "e85_rupture_debut": null,
    "e85_rupture_type": null,
    "gplc_rupture_debut": null,
    "gplc_rupture_type": null,
    "gazole_rupture_debut": null,
    "gazole_rupture_type": null,
    "carburants_disponibles": [
      "Gazole",
      "E85",
      "E10",
      "SP98"
    ],
    "carburants_indisponibles": [
      "SP95",
      "GPLc"
    ],
    "carburants_rupture_temporaire": "SP95",
    "carburants_rupture_definitive": null,
    "horaires_automate_24_24": "Oui",
    "services_service": [
      "Station de gonflage",
      "Carburant additivé",
      "Piste poids lourds",
      "Lavage automatique",
      "Vente de gaz domestique (Butane, Propane)",
      "Vente d'additifs carburants",
      "Automate CB 24/24"
    ],
    "departement": "Var",
    "code_departement": "83",
    "region": "Provence-Alpes-Côte d'Azur",
    "code_region": "93",
    "horaires_jour": "Automate-24-24"
  },
  {
    "id": 83210008,
    "latitude": "4320635.7",
    "longitude": "605092.3",
    "cp": "83210",
    "pop": "R",
    "adresse": "ZAC LA POULASSE",
    "ville": "Solliès-Pont",
    "services": "{\"service\": \"Automate CB 24/24\"}",
    "prix": "[{\"@nom\": \"Gazole\", \"@id\": \"1\", \"@maj\": \"2026-02-20 08:32:30\", \"@valeur\": \"1.566\"}, {\"@nom\": \"E85\", \"@id\": \"3\", \"@maj\": \"2025-12-31 12:13:22\", \"@valeur\": \"0.754\"}, {\"@nom\": \"GPLc\", \"@id\": \"4\", \"@maj\": \"2025-10-21 16:22:40\", \"@valeur\": \"0.958\"}, {\"@nom\": \"E10\", \"@id\": \"5\", \"@maj\": \"2026-02-20 08:32:30\", \"@valeur\": \"1.591\"}, {\"@nom\": \"SP98\", \"@id\": \"6\", \"@maj\": \"2026-02-20 08:32:30\", \"@valeur\": \"1.709\"}]",
    "rupture": null,
    "horaires": "{\"@automate-24-24\": \"1\", \"jour\": [{\"@id\": \"1\", \"@nom\": \"Lundi\", \"@ferme\": \"1\", \"horaire\": {\"@ouverture\": \"01.00\", \"@fermeture\": \"01.00\"}}, {\"@id\": \"2\", \"@nom\": \"Mardi\", \"@ferme\": \"1\", \"horaire\": {\"@ouverture\": \"01.00\", \"@fermeture\": \"01.00\"}}, {\"@id\": \"3\", \"@nom\": \"Mercredi\", \"@ferme\": \"1\", \"horaire\": {\"@ouverture\": \"01.00\", \"@fermeture\": \"01.00\"}}, {\"@id\": \"4\", \"@nom\": \"Jeudi\", \"@ferme\": \"1\", \"horaire\": {\"@ouverture\": \"01.00\", \"@fermeture\": \"01.00\"}}, {\"@id\": \"5\", \"@nom\": \"Vendredi\", \"@ferme\": \"1\", \"horaire\": {\"@ouverture\": \"01.00\", \"@fermeture\": \"01.00\"}}, {\"@id\": \"6\", \"@nom\": \"Samedi\", \"@ferme\": \"1\", \"horaire\": {\"@ouverture\": \"01.00\", \"@fermeture\": \"01.00\"}}, {\"@id\": \"7\", \"@nom\": \"Dimanche\", \"@ferme\": \"1\", \"horaire\": {\"@ouverture\": \"01.00\", \"@fermeture\": \"01.00\"}}]}",
    "geom": {
      "lon": 6.050923,
      "lat": 43.206357000000004
    },
    "gazole_maj": "2026-02-20T09:32:30+01:00",
    "gazole_prix": 1.566,
    "sp95_maj": null,
    "sp95_prix": null,
    "e85_maj": "2025-12-31T13:13:22+01:00",
    "e85_prix": 0.754,
    "gplc_maj": "2025-10-21T18:22:40+02:00",
    "gplc_prix": 0.958,
    "e10_maj": "2026-02-20T09:32:30+01:00",
    "e10_prix": 1.591,
    "sp98_maj": "2026-02-20T09:32:30+01:00",
    "sp98_prix": 1.709,
    "e10_rupture_debut": null,
    "e10_rupture_type": null,
    "sp98_rupture_debut": null,
    "sp98_rupture_type": null,
    "sp95_rupture_debut": null,
    "sp95_rupture_type": null,
    "e85_rupture_debut": null,
    "e85_rupture_type": null,
    "gplc_rupture_debut": null,
    "gplc_rupture_type": null,
    "gazole_rupture_debut": null,
    "gazole_rupture_type": null,
    "carburants_disponibles": [
      "Gazole",
      "E85",
      "GPLc",
      "E10",
      "SP98"
    ],
    "carburants_indisponibles": [
      "SP95"
    ],
    "carburants_rupture_temporaire": null,
    "carburants_rupture_definitive": null,
    "horaires_automate_24_24": "Oui",
    "services_service": [
      "Automate CB 24/24"
    ],
    "departement": "Var",
    "code_departement": "83",
    "region": "Provence-Alpes-Côte d'Azur",
    "code_region": "93",
    "horaires_jour": "Automate-24-24, Lundi01.00-01.00, Mardi01.00-01.00, Mercredi01.00-01.00, Jeudi01.00-01.00, Vendredi01.00-01.00, Samedi01.00-01.00, Dimanche01.00-01.00"
  }
]