[
  {
    "id": 3400006,
    "latitude": "4649700",
    "longitude": "336200",
    "cp": "03400",
    "pop": "A",
    "adresse": "Domaine des Sannes",
    "ville": "Toulon-sur-Allier",
    "services": "{\"service\": [\"Toilettes publiques\", \"Douches\", \"Laverie\", \"Boutique alimentaire\", \"Boutique non alimentaire\", \"Restauration à emporter\", \"Restauration sur place\", \"Station de gonflage\", \"Carburant additivé\", \"Aire de camping-cars\", \"Piste poids lourds\", \"Espace bébé\", \"Bornes électriques\", \"Vente d'additifs carburants\", \"Wifi\", \"Automate CB 24/24\"]}",
    "prix": "[{\"@nom\": \"Gazole\", \"@id\": \"1\", \"@maj\": \"2025-12-26 08:40:12\", \"@valeur\": \"1.606\"}, {\"@nom\": \"E85\", \"@id\": \"3\", \"@maj\": \"2025-12-29 09:46:41\", \"@valeur\": \"0.854\"}, {\"@nom\": \"E10\", \"@id\": \"5\", \"@maj\": \"2025-12-26 08:40:12\", \"@valeur\": \"1.682\"}, {\"@nom\": \"SP98\", \"@id\": \"6\", \"@maj\": \"2025-12-26 08:40:13\", \"@valeur\": \"1.772\"}]",
    "rupture": "[{\"@nom\": \"SP95\", \"@id\": \"2\", \"@debut\": \"2023-01-11 09:42:17\", \"@fin\": \"\", \"@type\": \"definitive\"}, {\"@nom\": \"GPLc\", \"@id\": \"4\", \"@debut\": \"2023-01-11 09:42:18\", \"@fin\": \"\", \"@type\": \"definitive\"}]",
    "horaires": "{\"@automate-24-24\": \"1\", \"jour\": [{\"@id\": \"1\", \"@nom\": \"Lundi\", \"@ferme\": \"\", \"horaire\": {\"@ouverture\": \"00.00\", \"@fermeture\": \"23.59\"}}, {\"@id\": \"2\", \"@nom\": \"Mardi\", \"@ferme\": \"\", \"horaire\": {\"@ouverture\": \"00.00\", \"@fermeture\": \"23.59\"}}, {\"@id\": \"3\", \"@nom\": \"Mercredi\", \"@ferme\": \"\", \"horaire\": {\"@ouverture\": \"00.00\", \"@fermeture\": \"23.59\"}}, {\"@id\": \"4\", \"@nom\": \"Jeudi\", \"@ferme\": \"\", \"horaire\": {\"@ouverture\": \"00.00\", \"@fermeture\": \"23.59\"}}, {\"@id\": \"5\", \"@nom\": \"Vendredi\", \"@ferme\": \"\", \"horaire\": {\"@ouverture\": \"00.00\", \"@fermeture\": \"23.59\"}}, {\"@id\": \"6\", \"@nom\": \"Samedi\", \"@ferme\": \"\", \"horaire\": {\"@ouverture\": \"00.00\", \"@fermeture\": \"23.59\"}}, {\"@id\": \"7\", \"@nom\": \"Dimanche\", \"@ferme\": \"\", \"horaire\": {\"@ouverture\": \"00.00\", \"@fermeture\": \"23.59\"}}]}",
    "geom": {
      "lon": 3.362,
      "lat": 46.497
    },
    "gazole_maj": "2025-12-26T09:40:12+01:00",
    "gazole_prix": 1.606,
    "sp95_maj": null,
    "sp95_prix": null,
    "e85_maj": "2025-12-29T10:46:41+01:00",
    "e85_prix": 0.854,
    "gplc_maj": null,
    "gplc_prix": null,
    "e10_maj": "2025-12-26T09:40:12+01:00",
    "e10_prix": 1.682,
    "sp98_maj": "2025-12-26T09:40:13+01:00",
    "sp98_prix": 1.772,
    "e10_rupture_debut": null,
    "e10_rupture_type": null,
    "sp98_rupture_debut": null,
    "sp98_rupture_type": null,
    "sp95_rupture_debut": "2023-01-11T10:42:17+01:00",
    "sp95_rupture_type": "definitive",
    "e85_rupture_debut": null,
    "e85_rupture_type": null,
    "gplc_rupture_debut": "2023-01-11T10:42:18+01:00",
    "gplc_rupture_type": "definitive",
    "gazole_rupture_debut": null,
    "gazole_rupture_type": null,
    "carburants_disponibles": [
      "Gazole",
      "E85",
      "E10",
      "SP98"
    ],
    "carburants_indisponibles": [
      "SP95",
      "GPLc"
    ],
    "carburants_rupture_temporaire": null,
    "carburants_rupture_definitive": "SP95;GPLc",
    "horaires_automate_24_24": "Oui",
    "services_service": [
      "Toilettes publiques",
      "Douches",
      "Laverie",
      "Boutique alimentaire",
      "Boutique non alimentaire",
      "Restauration à emporter",
      "Restauration sur place",
      "Station de gonflage",
      "Carburant additivé",
      "Aire de camping-cars",
      "Piste poids lourds",
      "Espace bébé",
      "Bornes électriques",
      "Vente d'additifs carburants",
      "Wifi",
      "Automate CB 24/24"
    ],
    "departement": "Allier",
    "code_departement": "03",
    "region": "Auvergne-Rhône-Alpes",
    "code_region": "84",
    "horaires_jour": "Automate-24-24, Lundi00.00-23.59, Mardi00.00-23.59, Mercredi00.00-23.59, Jeudi00.00-23.59, Vendredi00.00-23.59, Samedi00.00-23.59, Dimanche00.00-23.59"
  },
  {
    "id": 3400005,
    "latitude": "4650638.7",
    "longitude": "336172.2",
    "cp": "03400",
    "pop": "R",
    "adresse": "ZONE ARTISANALE DU LARRY",
    "ville": "Toulon-sur-Allier",
    "services": "{\"service\": [\"Piste poids lourds\", \"Vente d'additifs carburants\"]}",
    "prix": "{\"@nom\": \"Gazole\", \"@id\": \"1\", \"@maj\": \"2025-12-30 00:00:00\", \"@valeur\": \"1.807\"}",
    "rupture": null,
    "horaires": "{\"@automate-24-24\": \"\", \"jour\": [{\"@id\": \"1\", \"@nom\": \"Lundi\", \"@ferme\": \"1\"}, {\"@id\": \"2\", \"@nom\": \"Mardi\", \"@ferme\": \"1\"}, {\"@id\": \"3\", \"@nom\": \"Mercredi\", \"@ferme\": \"1\"}, {\"@id\": \"4\", \"@nom\": \"Jeudi\", \"@ferme\": \"1\"}, {\"@id\": \"5\", \"@nom\": \"Vendredi\", \"@ferme\": \"1\"}, {\"@id\": \"6\", \"@nom\": \"Samedi\", \"@ferme\": \"1\"}, {\"@id\": \"7\", \"@nom\": \"Dimanche\", \"@ferme\": \"1\"}]}",
    "geom": {
      "lon": 3.3617220000000003,
      "lat": 46.506387000000004
    },
    "gazole_maj": "2025-12-30T01:00:00+01:00",
    "gazole_prix": 1.807,
    "sp95_maj": null,
    "sp95_prix": null,
    "e85_maj": null,
    "e85_prix": null,
    "gplc_maj": null,
    "gplc_prix": null,
    "e10_maj": null,
    "e10_prix": null,
    "sp98_maj": null,
    "sp98_prix": null,
    "e10_rupture_debut": null,
    "e10_rupture_type": null,
    "sp98_rupture_debut": null,
    "sp98_rupture_type": null,
    "sp95_rupture_debut": null,
    "sp95_rupture_type": null,
    "e85_rupture_debut": null,
    "e85_rupture_type": null,
    "gplc_rupture_debut": null,
    "gplc_rupture_type": null,
    "gazole_rupture_debut": null,
    "gazole_rupture_type": null,
    "carburants_disponibles": [
      "Gazole"
    ],
    "carburants_indisponibles": [
      "SP95",
      "E85",
      "GPLc",
      "E10",
      "SP98"
    ],
    "carburants_rupture_temporaire": null,
    "carburants_rupture_definitive": null,
    "horaires_automate_24_24": "Non",
    "services_service": [
      "Piste poids lourds",
      "Vente d'additifs carburants"
    ],
    "departement": "Allier",
    "code_departement": "03",
    "region": "Auvergne-Rhône-Alpes",
    "code_region": "84",
    "horaires_jour": null
  }
]