[
  {
    "id": 28500011,
    "latitude": "4867700.3",
    "longitude": "133127.2",
    "cp": "28500",
    "pop": "R",
    "adresse": "1 LE COTEAU",
    "ville": "Tréon",
    "services": "{\"service\": \"Vente de gaz domestique (Butane, Propane)\"}",
    "prix": "[{\"@nom\": \"Gazole\", \"@id\": \"1\", \"@maj\": \"2026-02-09 14:18:47\", \"@valeur\": \"1.632\"}, {\"@nom\": \"E85\", \"@id\": \"3\", \"@maj\": \"2026-02-09 12:50:42\", \"@valeur\": \"0.739\"}, {\"@nom\": \"E10\", \"@id\": \"5\", \"@maj\": \"2026-02-09 12:50:30\", \"@valeur\": \"1.639\"}]",
    "rupture": "[{\"@nom\": \"SP95\", \"@id\": \"2\", \"@debut\": \"2025-01-30 10:30:33\", \"@fin\": \"\", \"@type\": \"definitive\"}, {\"@nom\": \"GPLc\", \"@id\": \"4\", \"@debut\": \"2025-01-30 10:30:33\", \"@fin\": \"\", \"@type\": \"definitive\"}, {\"@nom\": \"SP98\", \"@id\": \"6\", \"@debut\": \"2026-02-09 12:50:26\", \"@fin\": \"\", \"@type\": \"definitive\"}]",
    "horaires": "{\"@automate-24-24\": \"\", \"jour\": [{\"@id\": \"1\", \"@nom\": \"Lundi\", \"@ferme\": \"\", \"horaire\": {\"@ouverture\": \"06.20\", \"@fermeture\": \"23.59\"}}, {\"@id\": \"2\", \"@nom\": \"Mardi\", \"@ferme\": \"\", \"horaire\": {\"@ouverture\": \"06.20\", \"@fermeture\": \"23.59\"}}, {\"@id\": \"3\", \"@nom\": \"Mercredi\", \"@ferme\": \"\", \"horaire\": {\"@ouverture\": \"06.20\", \"@fermeture\": \"23.59\"}}, {\"@id\": \"4\", \"@nom\": \"Jeudi\", \"@ferme\": \"\", \"horaire\": {\"@ouverture\": \"06.20\", \"@fermeture\": \"23.59\"}}, {\"@id\": \"5\", \"@nom\": \"Vendredi\", \"@ferme\": \"\", \"horaire\": {\"@ouverture\": \"06.20\", \"@fermeture\": \"23.59\"}}, {\"@id\": \"6\", \"@nom\": \"Samedi\", \"@ferme\": \"\", \"horaire\": {\"@ouverture\": \"06.20\", \"@fermeture\": \"23.59\"}}, {\"@id\": \"7\", \"@nom\": \"Dimanche\", \"@ferme\": \"\", \"horaire\": {\"@ouverture\": \"06.13\", \"@fermeture\": \"23.59\"}}]}",
    "geom": {
      "lon": 1.331272,
      "lat": 48.677003
    },
    "gazole_maj": "2026-02-09T15:18:47+01:00",
    "gazole_prix": 1.632,
    "sp95_maj": null,
    "sp95_prix": null,
    "e85_maj": "2026-02-09T13:50:42+01:00",
    "e85_prix": 0.739,
    "gplc_maj": null,
    "gplc_prix": null,
    "e10_maj": "2026-02-09T13:50:30+01:00",
    "e10_prix": 1.639,
    "sp98_maj": null,
    "sp98_prix": null,
    "e10_rupture_debut": null,
    "e10_rupture_type": null,
    "sp98_rupture_debut": "2026-02-09T13:50:26+01:00",
    "sp98_rupture_type": "definitive",
    "sp95_rupture_debut": "2025-01-30T11:30:33+01:00",
    "sp95_rupture_type": "definitive",
    "e85_rupture_debut": null,
    "e85_rupture_type": null,
    "gplc_rupture_debut": "2025-01-30T11:30:33+01:00",
    "gplc_rupture_type": "definitive",
    "gazole_rupture_debut": null,
    "gazole_rupture_type": null,
    "carburants_disponibles": [
      "Gazole",
      "E85",
      "E10"
    ],
    "carburants_indisponibles": [
      "SP95",
      "GPLc",
      "SP98"
    ],
    "carburants_rupture_temporaire": null,
    "carburants_rupture_definitive": "SP95;GPLc;SP98",
    "horaires_automate_24_24": "Non",
    "services_service": [
      "Vente de gaz domestique (Butane, Propane)"
    ],
    "departement": "Eure-et-Loir",
    "code_departement": "28",
    "region": "Centre-Val de Loire",
    "code_region": "24",
    "horaires_jour": "Lundi06.20-23.59, Mardi06.20-23.59, Mercredi06.20-23.59, Jeudi06.20-23.59, Vendredi06.20-23.59, Samedi06.20-23.59, Dimanche06.13-23.59"
  }
]