[
  {
    "id": 43320003,
    "latitude": "4511900",
    "longitude": "373000",
    "cp": "43320",
    "pop": "R",
    "adresse": "2 route RN 102, Limandre",
    "ville": "Vazeilles-Limandre",
    "services": "{\"service\": [\"Boutique alimentaire\", \"Boutique non alimentaire\", \"Automate CB 24/24\"]}",
    "prix": "[{\"@nom\": \"Gazole\", \"@id\": \"1\", \"@maj\": \"2025-12-26 10:25:12\", \"@valeur\": \"1.654\"}, {\"@nom\": \"E10\", \"@id\": \"5\", \"@maj\": \"2025-12-26 10:25:12\", \"@valeur\": \"1.739\"}, {\"@nom\": \"SP98\", \"@id\": \"6\", \"@maj\": \"2025-12-26 10:25:12\", \"@valeur\": \"1.849\"}]",
    "rupture": "[{\"@nom\": \"SP95\", \"@id\": \"2\", \"@debut\": \"2021-01-04 09:24:33\", \"@fin\": \"\", \"@type\": \"definitive\"}, {\"@nom\": \"E85\", \"@id\": \"3\", \"@debut\": \"2021-01-04 09:24:34\", \"@fin\": \"\", \"@type\": \"definitive\"}, {\"@nom\": \"GPLc\", \"@id\": \"4\", \"@debut\": \"2021-01-04 09:24:34\", \"@fin\": \"\", \"@type\": \"definitive\"}]",
    "horaires": "{\"@automate-24-24\": \"1\", \"jour\": [{\"@id\": \"1\", \"@nom\": \"Lundi\", \"@ferme\": \"\", \"horaire\": {\"@ouverture\": \"06.30\", \"@fermeture\": \"19.00\"}}, {\"@id\": \"2\", \"@nom\": \"Mardi\", \"@ferme\": \"\", \"horaire\": {\"@ouverture\": \"06.30\", \"@fermeture\": \"19.00\"}}, {\"@id\": \"3\", \"@nom\": \"Mercredi\", \"@ferme\": \"\", \"horaire\": {\"@ouverture\": \"06.30\", \"@fermeture\": \"19.00\"}}, {\"@id\": \"4\", \"@nom\": \"Jeudi\", \"@ferme\": \"\", \"horaire\": {\"@ouverture\": \"06.30\", \"@fermeture\": \"19.00\"}}, {\"@id\": \"5\", \"@nom\": \"Vendredi\", \"@ferme\": \"\", \"horaire\": {\"@ouverture\": \"06.30\", \"@fermeture\": \"19.00\"}}, {\"@id\": \"6\", \"@nom\": \"Samedi\", \"@ferme\": \"\", \"horaire\": {\"@ouverture\": \"07.00\", \"@fermeture\": \"18.00\"}}, {\"@id\": \"7\", \"@nom\": \"Dimanche\", \"@ferme\": \"\", \"horaire\": {\"@ouverture\": \"07.00\", \"@fermeture\": \"18.00\"}}]}",
    "geom": {
      "lon": 3.73,
      "lat": 45.119
    },
    "gazole_maj": "2025-12-26T11:25:12+01:00",
    "gazole_prix": 1.654,
    "sp95_maj": null,
    "sp95_prix": null,
    "e85_maj": null,
    "e85_prix": null,
    "gplc_maj": null,
    "gplc_prix": null,
    "e10_maj": "2025-12-26T11:25:12+01:00",
    "e10_prix": 1.739,
    "sp98_maj": "2025-12-26T11:25:12+01:00",
    "sp98_prix": 1.849,
    "e10_rupture_debut": null,
    "e10_rupture_type": null,
    "sp98_rupture_debut": null,
    "sp98_rupture_type": null,
    "sp95_rupture_debut": "2021-01-04T10:24:33+01:00",
    "sp95_rupture_type": "definitive",
    "e85_rupture_debut": "2021-01-04T10:24:34+01:00",
    "e85_rupture_type": "definitive",
    "gplc_rupture_debut": "2021-01-04T10:24:34+01:00",
    "gplc_rupture_type": "definitive",
    "gazole_rupture_debut": null,
    "gazole_rupture_type": null,
    "carburants_disponibles": [
      "Gazole",
      "E10",
      "SP98"
    ],
    "carburants_indisponibles": [
      "SP95",
      "E85",
      "GPLc"
    ],
    "carburants_rupture_temporaire": null,
    "carburants_rupture_definitive": "SP95;E85;GPLc",
    "horaires_automate_24_24": "Oui",
    "services_service": [
      "Boutique alimentaire",
      "Boutique non alimentaire",
      "Automate CB 24/24"
    ],
    "departement": "Haute-Loire",
    "code_departement": "43",
    "region": "Auvergne-Rhône-Alpes",
    "code_region": "84",
    "horaires_jour": "Automate-24-24, Lundi06.30-19.00, Mardi06.30-19.00, Mercredi06.30-19.00, Jeudi06.30-19.00, Vendredi06.30-19.00, Samedi07.00-18.00, Dimanche07.00-18.00"
  }
]