[
  {
    "id": 21150001,
    "latitude": "4753700",
    "longitude": "446100",
    "cp": "21150",
    "pop": "R",
    "adresse": "RUE DE LUSIAUX",
    "ville": "Venarey-les-Laumes",
    "services": "{\"service\": \"Automate CB 24/24\"}",
    "prix": "[{\"@nom\": \"Gazole\", \"@id\": \"1\", \"@maj\": \"2025-12-19 00:00:00\", \"@valeur\": \"1.599\"}, {\"@nom\": \"E10\", \"@id\": \"5\", \"@maj\": \"2025-12-19 00:00:00\", \"@valeur\": \"1.749\"}, {\"@nom\": \"SP98\", \"@id\": \"6\", \"@maj\": \"2025-12-19 00:00:00\", \"@valeur\": \"1.799\"}]",
    "rupture": "[{\"@nom\": \"E85\", \"@id\": \"3\", \"@debut\": \"2022-02-09 06:35:43\", \"@fin\": \"\", \"@type\": \"temporaire\"}, {\"@nom\": \"GPLc\", \"@id\": \"4\", \"@debut\": \"2022-02-09 06:35:43\", \"@fin\": \"\", \"@type\": \"temporaire\"}, {\"@nom\": \"SP95\", \"@id\": \"2\", \"@debut\": \"2022-02-03 18:26:15\", \"@fin\": \"\", \"@type\": \"temporaire\"}]",
    "horaires": "{\"@automate-24-24\": \"1\", \"jour\": [{\"@id\": \"1\", \"@nom\": \"Lundi\", \"@ferme\": \"1\"}, {\"@id\": \"2\", \"@nom\": \"Mardi\", \"@ferme\": \"1\"}, {\"@id\": \"3\", \"@nom\": \"Mercredi\", \"@ferme\": \"1\"}, {\"@id\": \"4\", \"@nom\": \"Jeudi\", \"@ferme\": \"1\"}, {\"@id\": \"5\", \"@nom\": \"Vendredi\", \"@ferme\": \"1\"}, {\"@id\": \"6\", \"@nom\": \"Samedi\", \"@ferme\": \"1\"}, {\"@id\": \"7\", \"@nom\": \"Dimanche\", \"@ferme\": \"1\"}]}",
    "geom": {
      "lon": 4.461,
      "lat": 47.537
    },
    "gazole_maj": "2025-12-19T01:00:00+01:00",
    "gazole_prix": 1.599,
    "sp95_maj": null,
    "sp95_prix": null,
    "e85_maj": null,
    "e85_prix": null,
    "gplc_maj": null,
    "gplc_prix": null,
    "e10_maj": "2025-12-19T01:00:00+01:00",
    "e10_prix": 1.749,
    "sp98_maj": "2025-12-19T01:00:00+01:00",
    "sp98_prix": 1.799,
    "e10_rupture_debut": null,
    "e10_rupture_type": null,
    "sp98_rupture_debut": null,
    "sp98_rupture_type": null,
    "sp95_rupture_debut": "2022-02-03T19:26:15+01:00",
    "sp95_rupture_type": "temporaire",
    "e85_rupture_debut": "2022-02-09T07:35:43+01:00",
    "e85_rupture_type": "temporaire",
    "gplc_rupture_debut": "2022-02-09T07:35:43+01:00",
    "gplc_rupture_type": "temporaire",
    "gazole_rupture_debut": null,
    "gazole_rupture_type": null,
    "carburants_disponibles": [
      "Gazole",
      "E10",
      "SP98"
    ],
    "carburants_indisponibles": [
      "SP95",
      "E85",
      "GPLc"
    ],
    "carburants_rupture_temporaire": "SP95;E85;GPLc",
    "carburants_rupture_definitive": null,
    "horaires_automate_24_24": "Oui",
    "services_service": [
      "Automate CB 24/24"
    ],
    "departement": "Côte-d'Or",
    "code_departement": "21",
    "region": "Bourgogne-Franche-Comté",
    "code_region": "27",
    "horaires_jour": "Automate-24-24"
  },
  {
    "id": 21150002,
    "latitude": "4754000",
    "longitude": "446100",
    "cp": "21150",
    "pop": "R",
    "adresse": "Avenue de Dijon",
    "ville": "Venarey-les-Laumes",
    "services": "{\"service\": [\"Toilettes publiques\", \"Laverie\", \"Vente de gaz domestique (Butane, Propane)\", \"Automate CB 24/24\"]}",
    "prix": "{\"@nom\": \"Gazole\", \"@id\": \"1\", \"@maj\": \"2025-12-19 14:00:00\", \"@valeur\": \"1.549\"}",
    "rupture": "[{\"@nom\": \"E10\", \"@id\": \"5\", \"@debut\": \"2022-08-24 09:08:40\", \"@fin\": \"\", \"@type\": \"definitive\"}, {\"@nom\": \"SP95\", \"@id\": \"2\", \"@debut\": \"2025-12-30 08:32:11\", \"@fin\": \"\", \"@type\": \"temporaire\"}, {\"@nom\": \"SP98\", \"@id\": \"6\", \"@debut\": \"2025-12-30 08:32:11\", \"@fin\": \"\", \"@type\": \"temporaire\"}]",
    "horaires": "{\"@automate-24-24\": \"1\", \"jour\": [{\"@id\": \"1\", \"@nom\": \"Lundi\", \"@ferme\": \"\", \"horaire\": [{\"@ouverture\": \"08.00\", \"@fermeture\": \"12.00\"}, {\"@ouverture\": \"14.00\", \"@fermeture\": \"18.00\"}]}, {\"@id\": \"2\", \"@nom\": \"Mardi\", \"@ferme\": \"\", \"horaire\": [{\"@ouverture\": \"08.00\", \"@fermeture\": \"12.00\"}, {\"@ouverture\": \"14.00\", \"@fermeture\": \"18.00\"}]}, {\"@id\": \"3\", \"@nom\": \"Mercredi\", \"@ferme\": \"\", \"horaire\": [{\"@ouverture\": \"08.00\", \"@fermeture\": \"12.00\"}, {\"@ouverture\": \"14.00\", \"@fermeture\": \"18.00\"}]}, {\"@id\": \"4\", \"@nom\": \"Jeudi\", \"@ferme\": \"\", \"horaire\": [{\"@ouverture\": \"08.00\", \"@fermeture\": \"12.00\"}, {\"@ouverture\": \"14.00\", \"@fermeture\": \"18.00\"}]}, {\"@id\": \"5\", \"@nom\": \"Vendredi\", \"@ferme\": \"\", \"horaire\": [{\"@ouverture\": \"08.00\", \"@fermeture\": \"12.00\"}, {\"@ouverture\": \"14.00\", \"@fermeture\": \"18.00\"}]}, {\"@id\": \"6\", \"@nom\": \"Samedi\", \"@ferme\": \"\", \"horaire\": [{\"@ouverture\": \"08.00\", \"@fermeture\": \"12.00\"}, {\"@ouverture\": \"14.00\", \"@fermeture\": \"18.00\"}]}, {\"@id\": \"7\", \"@nom\": \"Dimanche\", \"@ferme\": \"1\"}]}",
    "geom": {
      "lon": 4.461,
      "lat": 47.54
    },
    "gazole_maj": "2025-12-19T15:00:00+01:00",
    "gazole_prix": 1.549,
    "sp95_maj": null,
    "sp95_prix": null,
    "e85_maj": null,
    "e85_prix": null,
    "gplc_maj": null,
    "gplc_prix": null,
    "e10_maj": null,
    "e10_prix": null,
    "sp98_maj": null,
    "sp98_prix": null,
    "e10_rupture_debut": "2022-08-24T11:08:40+02:00",
    "e10_rupture_type": "definitive",
    "sp98_rupture_debut": "2025-12-30T09:32:11+01:00",
    "sp98_rupture_type": "temporaire",
    "sp95_rupture_debut": "2025-12-30T09:32:11+01:00",
    "sp95_rupture_type": "temporaire",
    "e85_rupture_debut": null,
    "e85_rupture_type": null,
    "gplc_rupture_debut": null,
    "gplc_rupture_type": null,
    "gazole_rupture_debut": null,
    "gazole_rupture_type": null,
    "carburants_disponibles": [
      "Gazole"
    ],
    "carburants_indisponibles": [
      "SP95",
      "E85",
      "GPLc",
      "E10",
      "SP98"
    ],
    "carburants_rupture_temporaire": "SP95;SP98",
    "carburants_rupture_definitive": "E10",
    "horaires_automate_24_24": "Oui",
    "services_service": [
      "Toilettes publiques",
      "Laverie",
      "Vente de gaz domestique (Butane, Propane)",
      "Automate CB 24/24"
    ],
    "departement": "Côte-d'Or",
    "code_departement": "21",
    "region": "Bourgogne-Franche-Comté",
    "code_region": "27",
    "horaires_jour": "Automate-24-24, Lundi 08.00-12.00 et 14.00-18.00, Mardi 08.00-12.00 et 14.00-18.00, Mercredi 08.00-12.00 et 14.00-18.00, Jeudi 08.00-12.00 et 14.00-18.00, Vendredi 08.00-12.00 et 14.00-18.00, Samedi 08.00-12.00 et 14.00-18.00, Dimanche"
  }
]