[
  {
    "id": 74100008,
    "latitude": "4618400",
    "longitude": "627600",
    "cp": "74100",
    "pop": "R",
    "adresse": "17 rue des Teppes",
    "ville": "Vétraz-Monthoux",
    "services": "{\"service\": [\"Laverie\", \"Location de véhicule\", \"Lavage manuel\", \"Vente de gaz domestique (Butane, Propane)\", \"DAB (Distributeur automatique de billets)\"]}",
    "prix": "[{\"@nom\": \"E85\", \"@id\": \"3\", \"@maj\": \"2026-01-05 08:05:49\", \"@valeur\": \"0.754\"}, {\"@nom\": \"E10\", \"@id\": \"5\", \"@maj\": \"2026-01-06 08:22:31\", \"@valeur\": \"1.655\"}, {\"@nom\": \"SP98\", \"@id\": \"6\", \"@maj\": \"2026-01-05 08:05:49\", \"@valeur\": \"1.755\"}]",
    "rupture": "[{\"@nom\": \"GPLc\", \"@id\": \"4\", \"@debut\": \"2017-09-01 09:00:59\", \"@fin\": \"\", \"@type\": \"definitive\"}, {\"@nom\": \"SP95\", \"@id\": \"2\", \"@debut\": \"2024-01-18 08:56:11\", \"@fin\": \"\", \"@type\": \"definitive\"}, {\"@nom\": \"Gazole\", \"@id\": \"1\", \"@debut\": \"2026-01-08 06:56:13\", \"@fin\": \"\", \"@type\": \"temporaire\"}]",
    "horaires": "{\"@automate-24-24\": \"\", \"jour\": [{\"@id\": \"1\", \"@nom\": \"Lundi\", \"@ferme\": \"\"}, {\"@id\": \"2\", \"@nom\": \"Mardi\", \"@ferme\": \"\"}, {\"@id\": \"3\", \"@nom\": \"Mercredi\", \"@ferme\": \"\"}, {\"@id\": \"4\", \"@nom\": \"Jeudi\", \"@ferme\": \"\"}, {\"@id\": \"5\", \"@nom\": \"Vendredi\", \"@ferme\": \"\"}, {\"@id\": \"6\", \"@nom\": \"Samedi\", \"@ferme\": \"\"}, {\"@id\": \"7\", \"@nom\": \"Dimanche\", \"@ferme\": \"\"}]}",
    "geom": {
      "lon": 6.276,
      "lat": 46.184
    },
    "gazole_maj": null,
    "gazole_prix": null,
    "sp95_maj": null,
    "sp95_prix": null,
    "e85_maj": "2026-01-05T09:05:49+01:00",
    "e85_prix": 0.754,
    "gplc_maj": null,
    "gplc_prix": null,
    "e10_maj": "2026-01-06T09:22:31+01:00",
    "e10_prix": 1.655,
    "sp98_maj": "2026-01-05T09:05:49+01:00",
    "sp98_prix": 1.755,
    "e10_rupture_debut": null,
    "e10_rupture_type": null,
    "sp98_rupture_debut": null,
    "sp98_rupture_type": null,
    "sp95_rupture_debut": "2024-01-18T09:56:11+01:00",
    "sp95_rupture_type": "definitive",
    "e85_rupture_debut": null,
    "e85_rupture_type": null,
    "gplc_rupture_debut": "2017-09-01T11:00:59+02:00",
    "gplc_rupture_type": "definitive",
    "gazole_rupture_debut": "2026-01-08T07:56:13+01:00",
    "gazole_rupture_type": "temporaire",
    "carburants_disponibles": [
      "E85",
      "E10",
      "SP98"
    ],
    "carburants_indisponibles": [
      "Gazole",
      "SP95",
      "GPLc"
    ],
    "carburants_rupture_temporaire": "Gazole",
    "carburants_rupture_definitive": "SP95;GPLc",
    "horaires_automate_24_24": "Non",
    "services_service": [
      "Laverie",
      "Location de véhicule",
      "Lavage manuel",
      "Vente de gaz domestique (Butane, Propane)",
      "DAB (Distributeur automatique de billets)"
    ],
    "departement": "Haute-Savoie",
    "code_departement": "74",
    "region": "Auvergne-Rhône-Alpes",
    "code_region": "84",
    "horaires_jour": null
  }
]