[
  {
    "id": 89340003,
    "latitude": "4833500",
    "longitude": "306500",
    "cp": "89340",
    "pop": "R",
    "adresse": "1 rue Guillaume des Barres",
    "ville": "Villeneuve-la-Guyard",
    "services": "{\"service\": [\"Toilettes publiques\", \"Laverie\", \"Boutique alimentaire\", \"Boutique non alimentaire\", \"Restauration sur place\", \"Vente de pétrole lampant\", \"Station de gonflage\", \"Location de véhicule\", \"Piste poids lourds\", \"Lavage automatique\", \"Lavage manuel\", \"Vente de gaz domestique (Butane, Propane)\", \"Automate CB 24/24\", \"DAB (Distributeur automatique de billets)\"]}",
    "prix": "[{\"@nom\": \"Gazole\", \"@id\": \"1\", \"@maj\": \"2026-02-13 08:00:00\", \"@valeur\": \"1.689\"}, {\"@nom\": \"E85\", \"@id\": \"3\", \"@maj\": \"2026-01-16 08:00:00\", \"@valeur\": \"0.728\"}, {\"@nom\": \"E10\", \"@id\": \"5\", \"@maj\": \"2026-02-13 08:00:00\", \"@valeur\": \"1.699\"}, {\"@nom\": \"SP98\", \"@id\": \"6\", \"@maj\": \"2026-02-13 08:00:00\", \"@valeur\": \"1.799\"}]",
    "rupture": "[{\"@nom\": \"GPLc\", \"@id\": \"4\", \"@debut\": \"2017-09-08 07:32:50\", \"@fin\": \"\", \"@type\": \"definitive\"}, {\"@nom\": \"SP95\", \"@id\": \"2\", \"@debut\": \"2018-06-19 08:13:28\", \"@fin\": \"\", \"@type\": \"definitive\"}]",
    "horaires": "{\"@automate-24-24\": \"1\", \"jour\": [{\"@id\": \"1\", \"@nom\": \"Lundi\", \"@ferme\": \"\", \"horaire\": {\"@ouverture\": \"00.00\", \"@fermeture\": \"00.00\"}}, {\"@id\": \"2\", \"@nom\": \"Mardi\", \"@ferme\": \"\", \"horaire\": {\"@ouverture\": \"00.00\", \"@fermeture\": \"00.00\"}}, {\"@id\": \"3\", \"@nom\": \"Mercredi\", \"@ferme\": \"\", \"horaire\": {\"@ouverture\": \"00.00\", \"@fermeture\": \"00.00\"}}, {\"@id\": \"4\", \"@nom\": \"Jeudi\", \"@ferme\": \"\", \"horaire\": {\"@ouverture\": \"00.00\", \"@fermeture\": \"00.00\"}}, {\"@id\": \"5\", \"@nom\": \"Vendredi\", \"@ferme\": \"\", \"horaire\": {\"@ouverture\": \"00.00\", \"@fermeture\": \"00.00\"}}, {\"@id\": \"6\", \"@nom\": \"Samedi\", \"@ferme\": \"\", \"horaire\": {\"@ouverture\": \"00.00\", \"@fermeture\": \"00.00\"}}, {\"@id\": \"7\", \"@nom\": \"Dimanche\", \"@ferme\": \"\", \"horaire\": {\"@ouverture\": \"00.00\", \"@fermeture\": \"00.00\"}}]}",
    "geom": {
      "lon": 3.065,
      "lat": 48.335
    },
    "gazole_maj": "2026-02-13T09:00:00+01:00",
    "gazole_prix": 1.689,
    "sp95_maj": null,
    "sp95_prix": null,
    "e85_maj": "2026-01-16T09:00:00+01:00",
    "e85_prix": 0.728,
    "gplc_maj": null,
    "gplc_prix": null,
    "e10_maj": "2026-02-13T09:00:00+01:00",
    "e10_prix": 1.699,
    "sp98_maj": "2026-02-13T09:00:00+01:00",
    "sp98_prix": 1.799,
    "e10_rupture_debut": null,
    "e10_rupture_type": null,
    "sp98_rupture_debut": null,
    "sp98_rupture_type": null,
    "sp95_rupture_debut": "2018-06-19T10:13:28+02:00",
    "sp95_rupture_type": "definitive",
    "e85_rupture_debut": null,
    "e85_rupture_type": null,
    "gplc_rupture_debut": "2017-09-08T09:32:50+02:00",
    "gplc_rupture_type": "definitive",
    "gazole_rupture_debut": null,
    "gazole_rupture_type": null,
    "carburants_disponibles": [
      "Gazole",
      "E85",
      "E10",
      "SP98"
    ],
    "carburants_indisponibles": [
      "SP95",
      "GPLc"
    ],
    "carburants_rupture_temporaire": null,
    "carburants_rupture_definitive": "SP95;GPLc",
    "horaires_automate_24_24": "Oui",
    "services_service": [
      "Toilettes publiques",
      "Laverie",
      "Boutique alimentaire",
      "Boutique non alimentaire",
      "Restauration sur place",
      "Vente de pétrole lampant",
      "Station de gonflage",
      "Location de véhicule",
      "Piste poids lourds",
      "Lavage automatique",
      "Lavage manuel",
      "Vente de gaz domestique (Butane, Propane)",
      "Automate CB 24/24",
      "DAB (Distributeur automatique de billets)"
    ],
    "departement": "Yonne",
    "code_departement": "89",
    "region": "Bourgogne-Franche-Comté",
    "code_region": "27",
    "horaires_jour": "Automate-24-24, Lundi00.00-00.00, Mardi00.00-00.00, Mercredi00.00-00.00, Jeudi00.00-00.00, Vendredi00.00-00.00, Samedi00.00-00.00, Dimanche00.00-00.00"
  }
]