[
  {
    "id": 94190002,
    "latitude": "4875400",
    "longitude": "245000",
    "cp": "94190",
    "pop": "R",
    "adresse": "20 Rue Winston Churchill",
    "ville": "Villeneuve-Saint-Georges",
    "services": null,
    "prix": "[{\"@nom\": \"Gazole\", \"@id\": \"1\", \"@maj\": \"2025-11-21 10:10:00\", \"@valeur\": \"1.734\"}, {\"@nom\": \"E10\", \"@id\": \"5\", \"@maj\": \"2025-11-21 10:10:00\", \"@valeur\": \"1.702\"}, {\"@nom\": \"SP98\", \"@id\": \"6\", \"@maj\": \"2025-11-21 10:10:00\", \"@valeur\": \"1.803\"}]",
    "rupture": "[{\"@nom\": \"SP95\", \"@id\": \"2\", \"@debut\": \"2009-11-17 09:30:00\", \"@fin\": \"\", \"@type\": \"\"}, {\"@nom\": \"E85\", \"@id\": \"3\", \"@debut\": \"2024-10-30 16:17:19\", \"@fin\": \"\", \"@type\": \"temporaire\"}, {\"@nom\": \"GPLc\", \"@id\": \"4\", \"@debut\": \"2024-10-30 16:17:19\", \"@fin\": \"\", \"@type\": \"temporaire\"}]",
    "horaires": "{\"@automate-24-24\": \"\", \"jour\": [{\"@id\": \"1\", \"@nom\": \"Lundi\", \"@ferme\": \"\"}, {\"@id\": \"2\", \"@nom\": \"Mardi\", \"@ferme\": \"\"}, {\"@id\": \"3\", \"@nom\": \"Mercredi\", \"@ferme\": \"\"}, {\"@id\": \"4\", \"@nom\": \"Jeudi\", \"@ferme\": \"\"}, {\"@id\": \"5\", \"@nom\": \"Vendredi\", \"@ferme\": \"\"}, {\"@id\": \"6\", \"@nom\": \"Samedi\", \"@ferme\": \"\"}, {\"@id\": \"7\", \"@nom\": \"Dimanche\", \"@ferme\": \"\"}]}",
    "geom": {
      "lon": 2.45,
      "lat": 48.754
    },
    "gazole_maj": "2025-11-21T11:10:00+01:00",
    "gazole_prix": 1.734,
    "sp95_maj": null,
    "sp95_prix": null,
    "e85_maj": null,
    "e85_prix": null,
    "gplc_maj": null,
    "gplc_prix": null,
    "e10_maj": "2025-11-21T11:10:00+01:00",
    "e10_prix": 1.702,
    "sp98_maj": "2025-11-21T11:10:00+01:00",
    "sp98_prix": 1.803,
    "e10_rupture_debut": null,
    "e10_rupture_type": null,
    "sp98_rupture_debut": null,
    "sp98_rupture_type": null,
    "sp95_rupture_debut": null,
    "sp95_rupture_type": null,
    "e85_rupture_debut": "2024-10-30T17:17:19+01:00",
    "e85_rupture_type": "temporaire",
    "gplc_rupture_debut": "2024-10-30T17:17:19+01:00",
    "gplc_rupture_type": "temporaire",
    "gazole_rupture_debut": null,
    "gazole_rupture_type": null,
    "carburants_disponibles": [
      "Gazole",
      "E10",
      "SP98"
    ],
    "carburants_indisponibles": [
      "SP95",
      "E85",
      "GPLc"
    ],
    "carburants_rupture_temporaire": "E85;GPLc",
    "carburants_rupture_definitive": null,
    "horaires_automate_24_24": "Non",
    "services_service": null,
    "departement": "Val-de-Marne",
    "code_departement": "94",
    "region": "Île-de-France",
    "code_region": "11",
    "horaires_jour": null
  },
  {
    "id": 94190007,
    "latitude": "4874205.2731851",
    "longitude": "244691.0938728",
    "cp": "94190",
    "pop": "R",
    "adresse": "232 RUE DE PARIS",
    "ville": "Villeneuve-Saint-Georges",
    "services": "{\"service\": [\"Toilettes publiques\", \"Boutique alimentaire\", \"Boutique non alimentaire\", \"Carburant additivé\", \"Piste poids lourds\", \"Vente de gaz domestique (Butane, Propane)\", \"Automate CB 24/24\"]}",
    "prix": "[{\"@nom\": \"Gazole\", \"@id\": \"1\", \"@maj\": \"2025-11-21 07:53:29\", \"@valeur\": \"1.849\"}, {\"@nom\": \"E85\", \"@id\": \"3\", \"@maj\": \"2025-11-21 07:53:29\", \"@valeur\": \"0.809\"}, {\"@nom\": \"GPLc\", \"@id\": \"4\", \"@maj\": \"2025-11-21 07:53:29\", \"@valeur\": \"1.155\"}, {\"@nom\": \"E10\", \"@id\": \"5\", \"@maj\": \"2025-11-21 07:53:29\", \"@valeur\": \"1.829\"}, {\"@nom\": \"SP98\", \"@id\": \"6\", \"@maj\": \"2025-11-21 07:53:29\", \"@valeur\": \"1.939\"}]",
    "rupture": "{\"@nom\": \"SP95\", \"@id\": \"2\", \"@debut\": \"2023-03-09 23:12:45\", \"@fin\": \"\", \"@type\": \"temporaire\"}",
    "horaires": "{\"@automate-24-24\": \"1\", \"jour\": [{\"@id\": \"1\", \"@nom\": \"Lundi\", \"@ferme\": \"1\", \"horaire\": {\"@ouverture\": \"01.00\", \"@fermeture\": \"01.00\"}}, {\"@id\": \"2\", \"@nom\": \"Mardi\", \"@ferme\": \"1\", \"horaire\": {\"@ouverture\": \"01.00\", \"@fermeture\": \"01.00\"}}, {\"@id\": \"3\", \"@nom\": \"Mercredi\", \"@ferme\": \"1\", \"horaire\": {\"@ouverture\": \"01.00\", \"@fermeture\": \"01.00\"}}, {\"@id\": \"4\", \"@nom\": \"Jeudi\", \"@ferme\": \"1\", \"horaire\": {\"@ouverture\": \"01.00\", \"@fermeture\": \"01.00\"}}, {\"@id\": \"5\", \"@nom\": \"Vendredi\", \"@ferme\": \"1\", \"horaire\": {\"@ouverture\": \"01.00\", \"@fermeture\": \"01.00\"}}, {\"@id\": \"6\", \"@nom\": \"Samedi\", \"@ferme\": \"1\", \"horaire\": {\"@ouverture\": \"01.00\", \"@fermeture\": \"01.00\"}}, {\"@id\": \"7\", \"@nom\": \"Dimanche\", \"@ferme\": \"1\", \"horaire\": {\"@ouverture\": \"01.00\", \"@fermeture\": \"01.00\"}}]}",
    "geom": {
      "lon": 2.446910938728,
      "lat": 48.742052731851004
    },
    "gazole_maj": "2025-11-21T08:53:29+01:00",
    "gazole_prix": 1.849,
    "sp95_maj": null,
    "sp95_prix": null,
    "e85_maj": "2025-11-21T08:53:29+01:00",
    "e85_prix": 0.809,
    "gplc_maj": "2025-11-21T08:53:29+01:00",
    "gplc_prix": 1.155,
    "e10_maj": "2025-11-21T08:53:29+01:00",
    "e10_prix": 1.829,
    "sp98_maj": "2025-11-21T08:53:29+01:00",
    "sp98_prix": 1.939,
    "e10_rupture_debut": null,
    "e10_rupture_type": null,
    "sp98_rupture_debut": null,
    "sp98_rupture_type": null,
    "sp95_rupture_debut": "2023-03-10T00:12:45+01:00",
    "sp95_rupture_type": "temporaire",
    "e85_rupture_debut": null,
    "e85_rupture_type": null,
    "gplc_rupture_debut": null,
    "gplc_rupture_type": null,
    "gazole_rupture_debut": null,
    "gazole_rupture_type": null,
    "carburants_disponibles": [
      "Gazole",
      "E85",
      "GPLc",
      "E10",
      "SP98"
    ],
    "carburants_indisponibles": [
      "SP95"
    ],
    "carburants_rupture_temporaire": "SP95",
    "carburants_rupture_definitive": null,
    "horaires_automate_24_24": "Oui",
    "services_service": [
      "Toilettes publiques",
      "Boutique alimentaire",
      "Boutique non alimentaire",
      "Carburant additivé",
      "Piste poids lourds",
      "Vente de gaz domestique (Butane, Propane)",
      "Automate CB 24/24"
    ],
    "departement": "Val-de-Marne",
    "code_departement": "94",
    "region": "Île-de-France",
    "code_region": "11",
    "horaires_jour": "Automate-24-24, Lundi01.00-01.00, Mardi01.00-01.00, Mercredi01.00-01.00, Jeudi01.00-01.00, Vendredi01.00-01.00, Samedi01.00-01.00, Dimanche01.00-01.00"
  }
]