[
  {
    "id": 12200001,
    "latitude": "4436100",
    "longitude": "204100",
    "cp": "12200",
    "pop": "R",
    "adresse": "9 Avenue des Croates",
    "ville": "Villefranche-de-Rouergue",
    "services": "{\"service\": [\"Toilettes publiques\", \"Boutique alimentaire\", \"Boutique non alimentaire\", \"Vente de fioul domestique\", \"Station de gonflage\", \"Carburant additivé\", \"Piste poids lourds\", \"Lavage automatique\", \"Lavage manuel\", \"Services réparation / entretien\", \"Vente de gaz domestique (Butane, Propane)\", \"Vente d'additifs carburants\", \"Automate CB 24/24\"]}",
    "prix": "[{\"@nom\": \"Gazole\", \"@id\": \"1\", \"@maj\": \"2026-01-10 08:38:28\", \"@valeur\": \"1.686\"}, {\"@nom\": \"E10\", \"@id\": \"5\", \"@maj\": \"2026-01-10 08:38:28\", \"@valeur\": \"1.746\"}, {\"@nom\": \"SP98\", \"@id\": \"6\", \"@maj\": \"2026-01-10 08:38:29\", \"@valeur\": \"1.853\"}]",
    "rupture": "[{\"@nom\": \"SP95\", \"@id\": \"2\", \"@debut\": \"2017-10-14 07:40:06\", \"@fin\": \"\", \"@type\": \"definitive\"}, {\"@nom\": \"E85\", \"@id\": \"3\", \"@debut\": \"2017-10-14 07:40:06\", \"@fin\": \"\", \"@type\": \"definitive\"}, {\"@nom\": \"GPLc\", \"@id\": \"4\", \"@debut\": \"2017-10-14 07:40:06\", \"@fin\": \"\", \"@type\": \"definitive\"}]",
    "horaires": "{\"@automate-24-24\": \"1\", \"jour\": [{\"@id\": \"1\", \"@nom\": \"Lundi\", \"@ferme\": \"\", \"horaire\": {\"@ouverture\": \"07.00\", \"@fermeture\": \"19.00\"}}, {\"@id\": \"2\", \"@nom\": \"Mardi\", \"@ferme\": \"\", \"horaire\": {\"@ouverture\": \"07.00\", \"@fermeture\": \"19.00\"}}, {\"@id\": \"3\", \"@nom\": \"Mercredi\", \"@ferme\": \"\", \"horaire\": {\"@ouverture\": \"07.00\", \"@fermeture\": \"19.00\"}}, {\"@id\": \"4\", \"@nom\": \"Jeudi\", \"@ferme\": \"\", \"horaire\": {\"@ouverture\": \"07.00\", \"@fermeture\": \"19.00\"}}, {\"@id\": \"5\", \"@nom\": \"Vendredi\", \"@ferme\": \"\", \"horaire\": {\"@ouverture\": \"07.00\", \"@fermeture\": \"19.00\"}}, {\"@id\": \"6\", \"@nom\": \"Samedi\", \"@ferme\": \"\", \"horaire\": {\"@ouverture\": \"08.30\", \"@fermeture\": \"12.30\"}}, {\"@id\": \"7\", \"@nom\": \"Dimanche\", \"@ferme\": \"1\"}]}",
    "geom": {
      "lon": 2.041,
      "lat": 44.361
    },
    "gazole_maj": "2026-01-10T09:38:28+01:00",
    "gazole_prix": 1.686,
    "sp95_maj": null,
    "sp95_prix": null,
    "e85_maj": null,
    "e85_prix": null,
    "gplc_maj": null,
    "gplc_prix": null,
    "e10_maj": "2026-01-10T09:38:28+01:00",
    "e10_prix": 1.746,
    "sp98_maj": "2026-01-10T09:38:29+01:00",
    "sp98_prix": 1.853,
    "e10_rupture_debut": null,
    "e10_rupture_type": null,
    "sp98_rupture_debut": null,
    "sp98_rupture_type": null,
    "sp95_rupture_debut": "2017-10-14T09:40:06+02:00",
    "sp95_rupture_type": "definitive",
    "e85_rupture_debut": "2017-10-14T09:40:06+02:00",
    "e85_rupture_type": "definitive",
    "gplc_rupture_debut": "2017-10-14T09:40:06+02:00",
    "gplc_rupture_type": "definitive",
    "gazole_rupture_debut": null,
    "gazole_rupture_type": null,
    "carburants_disponibles": [
      "Gazole",
      "E10",
      "SP98"
    ],
    "carburants_indisponibles": [
      "SP95",
      "E85",
      "GPLc"
    ],
    "carburants_rupture_temporaire": null,
    "carburants_rupture_definitive": "SP95;E85;GPLc",
    "horaires_automate_24_24": "Oui",
    "services_service": [
      "Toilettes publiques",
      "Boutique alimentaire",
      "Boutique non alimentaire",
      "Vente de fioul domestique",
      "Station de gonflage",
      "Carburant additivé",
      "Piste poids lourds",
      "Lavage automatique",
      "Lavage manuel",
      "Services réparation / entretien",
      "Vente de gaz domestique (Butane, Propane)",
      "Vente d'additifs carburants",
      "Automate CB 24/24"
    ],
    "departement": "Aveyron",
    "code_departement": "12",
    "region": "Occitanie",
    "code_region": "76",
    "horaires_jour": "Automate-24-24, Lundi07.00-19.00, Mardi07.00-19.00, Mercredi07.00-19.00, Jeudi07.00-19.00, Vendredi07.00-19.00, Samedi08.30-12.30, Dimanche"
  },
  {
    "id": 12200004,
    "latitude": "4435900",
    "longitude": "199700",
    "cp": "12200",
    "pop": "R",
    "adresse": "LIEU DIT BERNUSSOU",
    "ville": "Villefranche-de-Rouergue",
    "services": "{\"service\": [\"Laverie\", \"Relais colis\", \"Boutique alimentaire\", \"Boutique non alimentaire\", \"Restauration à emporter\", \"Restauration sur place\", \"Bar\", \"Vente de fioul domestique\", \"Vente de pétrole lampant\", \"Station de gonflage\", \"Location de véhicule\", \"Piste poids lourds\", \"Lavage automatique\", \"Lavage manuel\", \"Espace bébé\", \"Vente de gaz domestique (Butane, Propane)\", \"Bornes électriques\", \"Vente d'additifs carburants\", \"Automate CB 24/24\", \"DAB (Distributeur automatique de billets)\"]}",
    "prix": "[{\"@nom\": \"Gazole\", \"@id\": \"1\", \"@maj\": \"2026-01-07 08:30:00\", \"@valeur\": \"1.579\"}, {\"@nom\": \"SP95\", \"@id\": \"2\", \"@maj\": \"2026-01-05 09:21:41\", \"@valeur\": \"1.665\"}, {\"@nom\": \"E10\", \"@id\": \"5\", \"@maj\": \"2026-01-09 15:30:08\", \"@valeur\": \"1.640\"}, {\"@nom\": \"SP98\", \"@id\": \"6\", \"@maj\": \"2026-01-05 09:21:41\", \"@valeur\": \"1.725\"}]",
    "rupture": "[{\"@nom\": \"E85\", \"@id\": \"3\", \"@debut\": \"2024-02-28 17:28:56\", \"@fin\": \"\", \"@type\": \"definitive\"}, {\"@nom\": \"GPLc\", \"@id\": \"4\", \"@debut\": \"2024-02-28 17:28:56\", \"@fin\": \"\", \"@type\": \"definitive\"}]",
    "horaires": "{\"@automate-24-24\": \"1\", \"jour\": [{\"@id\": \"1\", \"@nom\": \"Lundi\", \"@ferme\": \"\", \"horaire\": {\"@ouverture\": \"08.30\", \"@fermeture\": \"19.30\"}}, {\"@id\": \"2\", \"@nom\": \"Mardi\", \"@ferme\": \"\", \"horaire\": {\"@ouverture\": \"08.30\", \"@fermeture\": \"19.30\"}}, {\"@id\": \"3\", \"@nom\": \"Mercredi\", \"@ferme\": \"\", \"horaire\": {\"@ouverture\": \"08.30\", \"@fermeture\": \"19.30\"}}, {\"@id\": \"4\", \"@nom\": \"Jeudi\", \"@ferme\": \"\", \"horaire\": {\"@ouverture\": \"08.30\", \"@fermeture\": \"19.30\"}}, {\"@id\": \"5\", \"@nom\": \"Vendredi\", \"@ferme\": \"\", \"horaire\": {\"@ouverture\": \"08.30\", \"@fermeture\": \"19.30\"}}, {\"@id\": \"6\", \"@nom\": \"Samedi\", \"@ferme\": \"\", \"horaire\": {\"@ouverture\": \"08.30\", \"@fermeture\": \"19.30\"}}, {\"@id\": \"7\", \"@nom\": \"Dimanche\", \"@ferme\": \"1\"}]}",
    "geom": {
      "lon": 1.997,
      "lat": 44.359
    },
    "gazole_maj": "2026-01-07T09:30:00+01:00",
    "gazole_prix": 1.579,
    "sp95_maj": "2026-01-05T10:21:41+01:00",
    "sp95_prix": 1.665,
    "e85_maj": null,
    "e85_prix": null,
    "gplc_maj": null,
    "gplc_prix": null,
    "e10_maj": "2026-01-09T16:30:08+01:00",
    "e10_prix": 1.64,
    "sp98_maj": "2026-01-05T10:21:41+01:00",
    "sp98_prix": 1.725,
    "e10_rupture_debut": null,
    "e10_rupture_type": null,
    "sp98_rupture_debut": null,
    "sp98_rupture_type": null,
    "sp95_rupture_debut": null,
    "sp95_rupture_type": null,
    "e85_rupture_debut": "2024-02-28T18:28:56+01:00",
    "e85_rupture_type": "definitive",
    "gplc_rupture_debut": "2024-02-28T18:28:56+01:00",
    "gplc_rupture_type": "definitive",
    "gazole_rupture_debut": null,
    "gazole_rupture_type": null,
    "carburants_disponibles": [
      "Gazole",
      "SP95",
      "E10",
      "SP98"
    ],
    "carburants_indisponibles": [
      "E85",
      "GPLc"
    ],
    "carburants_rupture_temporaire": null,
    "carburants_rupture_definitive": "E85;GPLc",
    "horaires_automate_24_24": "Oui",
    "services_service": [
      "Laverie",
      "Relais colis",
      "Boutique alimentaire",
      "Boutique non alimentaire",
      "Restauration à emporter",
      "Restauration sur place",
      "Bar",
      "Vente de fioul domestique",
      "Vente de pétrole lampant",
      "Station de gonflage",
      "Location de véhicule",
      "Piste poids lourds",
      "Lavage automatique",
      "Lavage manuel",
      "Espace bébé",
      "Vente de gaz domestique (Butane, Propane)",
      "Bornes électriques",
      "Vente d'additifs carburants",
      "Automate CB 24/24",
      "DAB (Distributeur automatique de billets)"
    ],
    "departement": "Aveyron",
    "code_departement": "12",
    "region": "Occitanie",
    "code_region": "76",
    "horaires_jour": "Automate-24-24, Lundi08.30-19.30, Mardi08.30-19.30, Mercredi08.30-19.30, Jeudi08.30-19.30, Vendredi08.30-19.30, Samedi08.30-19.30, Dimanche"
  }
]